Day,Session,Activity,Event or behavior?,Visitors?,Music?,Time Start,Time End,Start,End,StartSec,EndSec
0,1.1,M,EVENT,NO,NO,0:02,0:07,1:00:02,1:00:07,3602,3607
0,1.1,L,BEHAVIOR,NO,NO,0:10,0:13,1:00:10,1:00:13,3610,3613
0,1.1,B,EVENT,NO,NO,1:02,1:03,1:01:02,1:01:03,3662,3663
0,1.1,B,EVENT,NO,NO,1:05,1:12,1:01:05,1:01:12,3665,3672
0,1.1,B,EVENT,NO,NO,1:13,1:17,1:01:13,1:01:17,3673,3677
0,1.1,S,BEHAVIOR,NO,NO,1:19,1:20,1:01:19,1:01:20,3679,3680
0,1.1,B,EVENT,NO,NO,1:20,1:27,1:01:20,1:01:27,3680,3687
0,1.1,B,EVENT,NO,NO,1:32,1:36,1:01:32,1:01:36,3692,3696
0,1.1,H,EVENT,NO,NO,1:37,1:38,1:01:37,1:01:38,3697,3698
0,1.1,N,EVENT,NO,NO,1:39,1:41,1:01:39,1:01:41,3699,3701
0,1.1,B,EVENT,NO,NO,1:43,1:45,1:01:43,1:01:45,3703,3705
0,1.1,NB,BEHAVIOR,NO,NO,1:50,1:58,1:01:50,1:01:58,3710,3718
0,1.1,B,EVENT,NO,NO,1:58,2:02,1:01:58,1:02:02,3718,3722
0,1.1,H,EVENT,NO,NO,2:07,2:09,1:02:07,1:02:09,3727,3729
0,1.1,N,EVENT,NO,NO,2:12,2:15,1:02:12,1:02:15,3732,3735
0,1.1,H,EVENT,NO,NO,2:21,2:24,1:02:21,1:02:24,3741,3744
0,1.1,B,EVENT,NO,NO,2:26,2:30,1:02:26,1:02:30,3746,3750
0,1.1,B,EVENT,NO,NO,2:31,2:38,1:02:31,1:02:38,3751,3758
0,1.1,B,EVENT,NO,NO,2:41,2:42,1:02:41,1:02:42,3761,3762
0,1.1,H,EVENT,NO,NO,2:43,2:46,1:02:43,1:02:46,3763,3766
0,1.1,N,EVENT,NO,NO,2:48,2:50,1:02:48,1:02:50,3768,3770
0,1.1,M,EVENT,NO,NO,2:53,3:03,1:02:53,1:03:03,3773,3783
0,1.1,B,EVENT,NO,NO,3:03,3:06,1:03:03,1:03:06,3783,3786
0,1.1,L,BEHAVIOR,NO,NO,3:07,3:10,1:03:07,1:03:10,3787,3790
0,1.1,N,EVENT,NO,NO,3:10,3:11,1:03:10,1:03:11,3790,3791
0,1.1,B,EVENT,NO,NO,3:32,3:44,1:03:32,1:03:44,3812,3824
0,1.1,B,EVENT,NO,NO,3:51,3:58,1:03:51,1:03:58,3831,3838
0,1.1,N,EVENT,NO,NO,4:00,4:01,1:04:00,1:04:01,3840,3841
0,1.1,B,EVENT,NO,NO,4:04,4:08,1:04:04,1:04:08,3844,3848
0,1.1,B,EVENT,NO,NO,4:10,4:14,1:04:10,1:04:14,3850,3854
0,1.1,N,EVENT,NO,NO,4:18,4:20,1:04:18,1:04:20,3858,3860
0,1.1,NB,BEHAVIOR,NO,NO,4:25,4:31,1:04:25,1:04:31,3865,3871
0,1.1,H,EVENT,NO,NO,4:34,4:38,1:04:34,1:04:38,3874,3878
0,1.1,L,BEHAVIOR,NO,NO,4:39,4:40,1:04:39,1:04:40,3879,3880
0,1.1,N,EVENT,NO,NO,4:41,4:43,1:04:41,1:04:43,3881,3883
0,1.1,N,EVENT,NO,NO,4:48,4:50,1:04:48,1:04:50,3888,3890
0,1.1,B,EVENT,NO,NO,4:51,4:59,1:04:51,1:04:59,3891,3899
0,1.1,N,EVENT,NO,NO,5:01,5:03,1:05:01,1:05:03,3901,3903
0,1.1,NB,BEHAVIOR,NO,NO,5:14,5:16,1:05:14,1:05:16,3914,3916
0,1.1,NB,BEHAVIOR,NO,NO,5:20,5:24,1:05:20,1:05:24,3920,3924
0,1.1,H,EVENT,NO,NO,5:28,5:29,1:05:28,1:05:29,3928,3929
0,1.1,B,EVENT,NO,NO,5:30,5:31,1:05:30,1:05:31,3930,3931
0,1.1,M,EVENT,NO,NO,5:48,5:58,1:05:48,1:05:58,3948,3958
0,1.1,NB,BEHAVIOR,NO,NO,5:58,6:20,1:05:58,1:06:20,3958,3980
0,1.1,M,EVENT,NO,NO,6:20,6:25,1:06:20,1:06:25,3980,3985
0,1.1,N,EVENT,NO,NO,6:26,6:29,1:06:26,1:06:29,3986,3989
0,1.1,H,EVENT,NO,NO,6:32,6:35,1:06:32,1:06:35,3992,3995
0,1.1,B,EVENT,NO,NO,6:36,6:42,1:06:36,1:06:42,3996,4002
0,1.1,S,BEHAVIOR,NO,NO,6:44,6:45,1:06:44,1:06:45,4004,4005
0,1.1,B,EVENT,NO,NO,6:45,6:47,1:06:45,1:06:47,4005,4007
0,1.1,N,EVENT,NO,NO,6:49,6:50,1:06:49,1:06:50,4009,4010
0,1.1,B,EVENT,NO,NO,6:58,7:04,1:06:58,1:07:04,4018,4024
0,1.1,N,EVENT,NO,NO,7:07,7:10,1:07:07,1:07:10,4027,4030
0,1.1,N,EVENT,NO,NO,7:11,7:16,1:07:11,1:07:16,4031,4036
0,1.1,S,BEHAVIOR,NO,NO,7:20,7:22,1:07:20,1:07:22,4040,4042
0,1.1,B,EVENT,NO,NO,7:23,7:32,1:07:23,1:07:32,4043,4052
0,1.1,N,EVENT,NO,NO,7:34,7:36,1:07:34,1:07:36,4054,4056
0,1.1,B,EVENT,NO,NO,7:37,7:41,1:07:37,1:07:41,4057,4061
0,1.1,N,EVENT,NO,NO,7:45,7:47,1:07:45,1:07:47,4065,4067
0,1.1,B,EVENT,NO,NO,7:48,7:52,1:07:48,1:07:52,4068,4072
0,1.1,S,BEHAVIOR,NO,NO,7:52,7:54,1:07:52,1:07:54,4072,4074
0,1.1,B,BEHAVIOR,NO,NO,7:54,7:55,1:07:54,1:07:55,4074,4075
0,1.1,B,EVENT,NO,NO,7:57,7:59,1:07:57,1:07:59,4077,4079
0,1.1,B,EVENT,NO,NO,8:02,8:06,1:08:02,1:08:06,4082,4086
0,1.1,B,EVENT,NO,NO,8:10,8:11,1:08:10,1:08:11,4090,4091
0,1.1,H,EVENT,NO,NO,8:13,8:21,1:08:13,1:08:21,4093,4101
0,1.1,B,EVENT,NO,NO,8:22,8:24,1:08:22,1:08:24,4102,4104
0,1.1,B,EVENT,NO,NO,8:25,8:29,1:08:25,1:08:29,4105,4109
0,1.1,B,EVENT,NO,NO,8:30,8:33,1:08:30,1:08:33,4110,4113
0,1.1,B,EVENT,NO,NO,8:35,8:43,1:08:35,1:08:43,4115,4123
0,1.1,B,EVENT,NO,NO,8:44,8:46,1:08:44,1:08:46,4124,4126
0,1.1,B,EVENT,NO,NO,8:59,9:04,1:08:59,1:09:04,4139,4144
0,1.1,B,EVENT,NO,NO,9:05,9:13,1:09:05,1:09:13,4145,4153
0,1.1,B,EVENT,NO,NO,9:17,9:20,1:09:17,1:09:20,4157,4160
0,1.1,B,EVENT,NO,NO,9:24,9:28,1:09:24,1:09:28,4164,4168
0,1.1,H,EVENT,NO,NO,9:30,9:32,1:09:30,1:09:32,4170,4172
0,1.1,B,EVENT,NO,NO,9:33,9:36,1:09:33,1:09:36,4173,4176
0,1.1,B,EVENT,NO,NO,9:38,9:42,1:09:38,1:09:42,4178,4182
0,1.1,S,BEHAVIOR,NO,NO,9:48,9:50,1:09:48,1:09:50,4188,4190
0,1.1,H,EVENT,NO,NO,9:50,9:52,1:09:50,1:09:52,4190,4192
0,1.1,B,EVENT,NO,NO,9:54,9:58,1:09:54,1:09:58,4194,4198
0,1.1,B,EVENT,NO,NO,10:04,10:18,1:10:04,1:10:18,4204,4218
0,1.1,H,EVENT,NO,NO,10:23,10:32,1:10:23,1:10:32,4223,4232
0,1.1,S,BEHAVIOR,NO,NO,10:39,10:44,1:10:39,1:10:44,4239,4244
0,1.1,L,BEHAVIOR,NO,NO,10:48,10:50,1:10:48,1:10:50,4248,4250
0,1.1,B,EVENT,NO,NO,10:51,10:58,1:10:51,1:10:58,4251,4258
0,1.1,M,EVENT,NO,NO,11:01,11:07,1:11:01,1:11:07,4261,4267
0,1.1,B,EVENT,NO,NO,11:09,11:10,1:11:09,1:11:10,4269,4270
0,1.1,N,EVENT,NO,NO,11:12,11:14,1:11:12,1:11:14,4272,4274
0,1.1,M,EVENT,NO,NO,11:25,11:28,1:11:25,1:11:28,4285,4288
0,1.1,NB,BEHAVIOR,NO,NO,11:28,11:41,1:11:28,1:11:41,4288,4301
0,1.1,B,EVENT,NO,NO,11:45,11:47,1:11:45,1:11:47,4305,4307
0,1.1,B,EVENT,NO,NO,11:54,12:01,1:11:54,1:12:01,4314,4321
0,1.1,M,EVENT,NO,NO,12:10,12:18,1:12:10,1:12:18,4330,4338
0,1.1,NB,BEHAVIOR,NO,NO,12:27,12:54,1:12:27,1:12:54,4347,4374
0,1.1,M,EVENT,NO,NO,12:54,12:57,1:12:54,1:12:57,4374,4377
0,1.1,B,EVENT,NO,NO,12:58,13:00,1:12:58,1:13:00,4378,4380
0,1.1,B,EVENT,NO,NO,13:01,13:02,1:13:01,1:13:02,4381,4382
0,1.1,N,EVENT,NO,NO,13:05,13:07,1:13:05,1:13:07,4385,4387
0,1.1,NB,BEHAVIOR,NO,NO,13:12,13:40,1:13:12,1:13:40,4392,4420
0,1.1,L,BEHAVIOR,NO,NO,13:40,13:52,1:13:40,1:13:52,4420,4432
0,1.1,B,EVENT,NO,NO,13:52,13:54,1:13:52,1:13:54,4432,4434
0,1.1,N,EVENT,NO,NO,13:57,13:59,1:13:57,1:13:59,4437,4439
0,1.1,B,EVENT,NO,NO,14:04,14:06,1:14:04,1:14:06,4444,4446
0,1.1,NB,BEHAVIOR,NO,NO,14:08,14:22,1:14:08,1:14:22,4448,4462
0,1.1,N,EVENT,NO,NO,14:34,14:36,1:14:34,1:14:36,4474,4476
0,1.1,L,BEHAVIOR,NO,NO,14:36,14:40,1:14:36,1:14:40,4476,4480
0,1.1,B,EVENT,NO,NO,14:40,14:43,1:14:40,1:14:43,4480,4483
0,1.1,L,BEHAVIOR,NO,NO,14:50,14:56,1:14:50,1:14:56,4490,4496
0,1.1,L,BEHAVIOR,NO,NO,15:09,15:52,1:15:09,1:15:52,4509,4552
0,1.1,NB,BEHAVIOR,NO,NO,15:53,15:57,1:15:53,1:15:57,4553,4557
0,1.1,L,BEHAVIOR,NO,NO,15:57,16:15,1:15:57,1:16:15,4557,4575
0,1.1,M,EVENT,NO,NO,16:17,16:23,1:16:17,1:16:23,4577,4583
0,1.1,NB,BEHAVIOR,NO,NO,16:23,16:29,1:16:23,1:16:29,4583,4589
0,1.1,L,BEHAVIOR,NO,NO,16:29,16:32,1:16:29,1:16:32,4589,4592
0,1.1,B,EVENT,NO,NO,16:35,16:37,1:16:35,1:16:37,4595,4597
0,1.1,M,EVENT,NO,NO,16:38,16:44,1:16:38,1:16:44,4598,4604
0,1.1,B,EVENT,NO,NO,16:44,16:49,1:16:44,1:16:49,4604,4609
0,1.1,B,EVENT,NO,NO,16:50,16:56,1:16:50,1:16:56,4610,4616
0,1.1,B,EVENT,NO,NO,16:58,17:07,1:16:58,1:17:07,4618,4627
0,1.1,B,EVENT,NO,NO,17:08,17:18,1:17:08,1:17:18,4628,4638
0,1.1,B,EVENT,NO,NO,17:22,17:23,1:17:22,1:17:23,4642,4643
0,1.1,B,EVENT,NO,NO,17:25,17:27,1:17:25,1:17:27,4645,4647
0,1.1,N,EVENT,NO,NO,17:33,17:35,1:17:33,1:17:35,4653,4655
0,1.1,M,EVENT,NO,NO,17:37,17:50,1:17:37,1:17:50,4657,4670
0,1.1,B,EVENT,NO,NO,17:50,18:06,1:17:50,1:18:06,4670,4686
0,1.1,N,EVENT,NO,NO,18:09,18:11,1:18:09,1:18:11,4689,4691
0,1.1,M,EVENT,NO,NO,18:13,18:19,1:18:13,1:18:19,4693,4699
0,1.1,B,EVENT,NO,NO,18:19,18:27,1:18:19,1:18:27,4699,4707
0,1.1,H,EVENT,NO,NO,18:28,18:30,1:18:28,1:18:30,4708,4710
0,1.1,H,EVENT,NO,NO,18:33,18:40,1:18:33,1:18:40,4713,4720
0,1.1,B,EVENT,NO,NO,19:01,19:16,1:19:01,1:19:16,4741,4756
0,1.1,B,EVENT,NO,NO,19:20,19:27,1:19:20,1:19:27,4760,4767
0,1.1,N,EVENT,NO,NO,19:33,19:36,1:19:33,1:19:36,4773,4776
0,1.1,M,EVENT,NO,NO,19:37,19:41,1:19:37,1:19:41,4777,4781
0,1.1,NB,BEHAVIOR,NO,NO,19:41,19:46,1:19:41,1:19:46,4781,4786
0,1.1,M,BEHAVIOR,NO,NO,19:46,19:48,1:19:46,1:19:48,4786,4788
0,1.1,B,EVENT,NO,NO,19:48,19:55,1:19:48,1:19:55,4788,4795
0,1.2,P,BEHAVIOR,YES,NO,0:00,0:30,2:00:00,2:00:30,7200,7230
0,1.2,P,BEHAVIOR,YES,NO,1:48,1:53,2:01:48,2:01:53,7308,7313
0,1.2,P,BEHAVIOR,YES,NO,2:00,2:10,2:02:00,2:02:10,7320,7330
0,1.2,S,BEHAVIOR,YES,NO,4:00,4:52,2:04:00,2:04:52,7440,7492
0,1.2,S,BEHAVIOR,YES,NO,5:20,6:18,2:05:20,2:06:18,7520,7578
0,1.2,L,BEHAVIOR,YES,NO,6:21,6:24,2:06:21,2:06:24,7581,7584
0,1.2,M,EVENT,YES,NO,6:24,6:38,2:06:24,2:06:38,7584,7598
0,1.2,L,BEHAVIOR,YES,NO,6:49,7:23,2:06:49,2:07:23,7609,7643
0,1.2,M,EVENT,YES,NO,7:25,7:47,2:07:25,2:07:47,7645,7667
0,1.2,NB,BEHAVIOR,YES,NO,7:47,8:58,2:07:47,2:08:58,7667,7738
0,1.2,M,EVENT,YES,NO,8:58,9:02,2:08:58,2:09:02,7738,7742
0,1.2,L,BEHAVIOR,YES,NO,9:11,9:35,2:09:11,2:09:35,7751,7775
0,1.2,M,EVENT,YES,NO,9:35,9:42,2:09:35,2:09:42,7775,7782
0,1.2,M,EVENT,YES,NO,11:32,11:36,2:11:32,2:11:36,7892,7896
0,1.2,P,BEHAVIOR,YES,NO,13:05,13:09,2:13:05,2:13:09,7985,7989
0,1.2,V,EVENT,YES,NO,15:27,15:28,2:15:27,2:15:28,8127,8128
0,1.3,P,BEHAVIOR,YES,NO,0:17,0:21,3:00:17,3:00:21,10817,10821
0,1.3,FP,BEHAVIOR,YES,NO,1:32,1:33,3:01:32,3:01:33,10892,10893
0,1.3,P,BEHAVIOR,YES,NO,1:36,2:27,3:01:36,3:02:27,10896,10947
0,1.3,L,BEHAVIOR,YES,NO,2:36,2:50,3:02:36,3:02:50,10956,10970
0,1.3,L,BEHAVIOR,YES,NO,6:10,6:27,3:06:10,3:06:27,11170,11187
0,1.3,V,BEHAVIOR,YES,NO,6:27,6:27,3:06:27,3:06:27,11187,11187
0,1.3,L,BEHAVIOR,YES,NO,6:28,6:30,3:06:28,3:06:30,11188,11190
0,1.3,B,EVENT,YES,NO,6:47,6:48,3:06:47,3:06:48,11207,11208
0,1.3,H,EVENT,YES,NO,6:53,6:54,3:06:53,3:06:54,11213,11214
0,1.3,H,EVENT,YES,NO,7:02,7:07,3:07:02,3:07:07,11222,11227
0,1.3,B,EVENT,YES,NO,7:10,7:14,3:07:10,3:07:14,11230,11234
0,1.3,H,EVENT,YES,NO,7:15,7:19,3:07:15,3:07:19,11235,11239
0,1.3,P,BEHAVIOR,YES,NO,8:08,8:33,3:08:08,3:08:33,11288,11313
0,1.3,NB,BEHAVIOR,YES,NO,9:21,9:32,3:09:21,3:09:32,11361,11372
0,1.3,M,EVENT,YES,NO,9:32,9:41,3:09:32,3:09:41,11372,11381
0,1.3,M,EVENT,YES,NO,9:50,10:02,3:09:50,3:10:02,11390,11402
0,1.3,FP,BEHAVIOR,YES,NO,10:09,10:10,3:10:09,3:10:10,11409,11410
0,1.3,P,BEHAVIOR,YES,NO,10:32,10:51,3:10:32,3:10:51,11432,11451
0,1.3,M,EVENT,YES,NO,11:07,11:13,3:11:07,3:11:13,11467,11473
0,1.3,M,EVENT,YES,NO,11:15,11:22,3:11:15,3:11:22,11475,11482
0,1.3,L,BEHAVIOR,YES,NO,11:22,11:25,3:11:22,3:11:25,11482,11485
0,1.3,P,BEHAVIOR,YES,NO,11:40,11:56,3:11:40,3:11:56,11500,11516
0,1.3,P,BEHAVIOR,YES,NO,11:58,12:04,3:11:58,3:12:04,11518,11524
0,1.4,M,EVENT,YES,NO,0:42,0:45,4:00:42,4:00:45,14442,14445
0,1.4,P,BEHAVIOR,YES,NO,0:49,0:56,4:00:49,4:00:56,14449,14456
0,1.4,P,BEHAVIOR,YES,NO,1:10,1:47,4:01:10,4:01:47,14470,14507
0,1.5,P,BEHAVIOR,YES,NO,0:00,0:27,5:00:00,5:00:27,18000,18027
0,1.5,P,BEHAVIOR,YES,NO,0:36,1:18,5:00:36,5:01:18,18036,18078
0,1.5,P,BEHAVIOR,YES,NO,1:49,2:31,5:01:49,5:02:31,18109,18151
0,1.5,M,EVENT,YES,NO,2:45,2:49,5:02:45,5:02:49,18165,18169
0,1.5,L,BEHAVIOR,YES,NO,3:31,3:36,5:03:31,5:03:36,18211,18216
0,1.5,M,EVENT,YES,NO,4:24,4:28,5:04:24,5:04:28,18264,18268
0,1.5,P,BEHAVIOR,YES,NO,4:48,4:59,5:04:48,5:04:59,18288,18299
0,1.5,L,BEHAVIOR,YES,NO,5:00,5:25,5:05:00,5:05:25,18300,18325
0,1.5,V,EVENT,YES,NO,6:08,6:08,5:06:08,5:06:08,18368,18368
0,1.5,P,BEHAVIOR,YES,NO,6:09,8:37,5:06:09,5:08:37,18369,18517
0,1.5,P,BEHAVIOR,YES,NO,8:44,9:17,5:08:44,5:09:17,18524,18557
0,1.5,L,BEHAVIOR,YES,NO,9:57,10:17,5:09:57,5:10:17,18597,18617
0,1.5,L,BEHAVIOR,YES,NO,10:26,11:15,5:10:26,5:11:15,18626,18675
0,1.5,H,EVENT,YES,NO,11:19,11:20,5:11:19,5:11:20,18679,18680
0,1.5,L,BEHAVIOR,YES,NO,11:37,11:45,5:11:37,5:11:45,18697,18705
0,1.5,P,BEHAVIOR,YES,NO,11:45,11:53,5:11:45,5:11:53,18705,18713
0,1.5,L,BEHAVIOR,YES,NO,11:53,11:59,5:11:53,5:11:59,18713,18719
0,1.5,M,EVENT,YES,NO,12:57,13:05,5:12:57,5:13:05,18777,18785
0,1.5,L,BEHAVIOR,YES,NO,13:07,13:52,5:13:07,5:13:52,18787,18832
0,1.5,M,EVENT,YES,NO,13:52,13:56,5:13:52,5:13:56,18832,18836
0,1.5,M,EVENT,YES,NO,14:28,14:32,5:14:28,5:14:32,18868,18872
0,1.5,M,EVENT,YES,NO,15:36,15:40,5:15:36,5:15:40,18936,18940
0,1.5,M,EVENT,YES,NO,15:43,15:47,5:15:43,5:15:47,18943,18947
0,1.5,L,EVENT,YES,NO,15:51,16:00,5:15:51,5:16:00,18951,18960
0,1.5,M,EVENT,YES,NO,16:06,16:13,5:16:06,5:16:13,18966,18973
0,1.5,M,EVENT,YES,NO,16:24,16:28,5:16:24,5:16:28,18984,18988
0,1.5,NB,BEHAVIOR,YES,NO,16:28,16:32,5:16:28,5:16:32,18988,18992
0,1.5,NB,BEHAVIOR,YES,NO,17:01,17:11,5:17:01,5:17:11,19021,19031
0,1.5,N,EVENT,YES,NO,17:39,17:43,5:17:39,5:17:43,19059,19063
0,1.5,N,EVENT,YES,NO,17:48,17:51,5:17:48,5:17:51,19068,19071
1,1.1,M,EVENT,NO,NO,7:29,7:32,1:07:29,1:07:32,4049,4052
1,1.1,L,BEHAVIOR,NO,NO,7:32,7:46,1:07:32,1:07:46,4052,4066
1,1.1,M,EVENT,NO,NO,7:50,7:55,1:07:50,1:07:55,4070,4075
1,1.1,S,BEHAVIOR,NO,NO,8:07,8:10,1:08:07,1:08:10,4087,4090
1,1.1,B,EVENT,NO,NO,8:11,8:14,1:08:11,1:08:14,4091,4094
1,1.1,NB,BEHAVIOR,NO,NO,8:35,8:41,1:08:35,1:08:41,4115,4121
1,1.1,M,EVENT,NO,NO,9:04,9:05,1:09:04,1:09:05,4144,4145
1,1.1,L,BEHAVIOR,NO,NO,9:06,9:18,1:09:06,1:09:18,4146,4158
1,1.1,M,EVENT,NO,NO,9:18,9:22,1:09:18,1:09:22,4158,4162
1,1.1,L,BEHAVIOR,NO,NO,9:44,9:54,1:09:44,1:09:54,4184,4194
1,1.1,L,BEHAVIOR,NO,NO,10:03,10:12,1:10:03,1:10:12,4203,4212
1,1.1,NB,BEHAVIOR,NO,NO,10:14,10:21,1:10:14,1:10:21,4214,4221
1,1.1,NB,BEHAVIOR,NO,NO,10:36,10:41,1:10:36,1:10:41,4236,4241
1,1.1,M,EVENT,NO,NO,10:44,10:46,1:10:44,1:10:46,4244,4246
1,1.1,L,BEHAVIOR,NO,NO,10:47,10:58,1:10:47,1:10:58,4247,4258
1,1.1,M,EVENT,NO,NO,10:58,11:04,1:10:58,1:11:04,4258,4264
1,1.1,M,EVENT,NO,NO,11:07,11:12,1:11:07,1:11:12,4267,4272
1,1.1,M,EVENT,NO,NO,11:22,11:30,1:11:22,1:11:30,4282,4290
1,1.1,NB,BEHAVIOR,NO,NO,11:30,11:37,1:11:30,1:11:37,4290,4297
1,1.1,NB,BEHAVIOR,NO,NO,11:40,11:47,1:11:40,1:11:47,4300,4307
1,1.1,M,EVENT,NO,NO,12:04,12:18,1:12:04,1:12:18,4324,4338
1,1.1,NB,BEHAVIOR,NO,NO,12:19,12:24,1:12:19,1:12:24,4339,4344
1,1.1,NB,BEHAVIOR,NO,NO,12:42,12:47,1:12:42,1:12:47,4362,4367
1,1.1,NB,BEHAVIOR,NO,NO,13:04,13:19,1:13:04,1:13:19,4384,4399
1,1.1,NB,BEHAVIOR,NO,NO,14:06,14:12,1:14:06,1:14:12,4446,4452
1,1.1,M,EVENT,NO,NO,14:12,14:28,1:14:12,1:14:28,4452,4468
1,1.1,M,EVENT,NO,NO,14:39,14:47,1:14:39,1:14:47,4479,4487
1,1.1,L,BEHAVIOR,NO,NO,14:47,16:05,1:14:47,1:16:05,4487,4565
1,1.1,M,EVENT,NO,NO,16:20,16:28,1:16:20,1:16:28,4580,4588
1,1.1,L,BEHAVIOR,NO,NO,16:28,16:38,1:16:28,1:16:38,4588,4598
1,1.1,FP,BEHAVIOR,NO,NO,16:38,16:40,1:16:38,1:16:40,4598,4600
1,1.1,L,BEHAVIOR,NO,NO,16:41,17:01,1:16:41,1:17:01,4601,4621
1,1.1,M,EVENT,NO,NO,17:02,17:04,1:17:02,1:17:04,4622,4624
1,1.1,L,BEHAVIOR,NO,NO,17:04,17:21,1:17:04,1:17:21,4624,4641
1,1.1,L,BEHAVIOR,NO,NO,17:24,17:56,1:17:24,1:17:56,4644,4676
1,1.1,M,EVENT,NO,NO,17:56,18:03,1:17:56,1:18:03,4676,4683
1,1.1,NB,BEHAVIOR,NO,NO,18:03,18:05,1:18:03,1:18:05,4683,4685
1,1.1,L,BEHAVIOR,NO,NO,18:10,18:30,1:18:10,1:18:30,4690,4710
1,1.1,NB,BEHAVIOR,NO,NO,18:32,18:35,1:18:32,1:18:35,4712,4715
1,1.1,L,BEHAVIOR,NO,NO,18:39,19:51,1:18:39,1:19:51,4719,4791
1,1.1,M,EVENT,NO,NO,19:51,19:58,1:19:51,1:19:58,4791,4798
1,1.1,NB,BEHAVIOR,NO,NO,20:21,20:26,1:20:21,1:20:26,4821,4826
1,1.1,L,BEHAVIOR,NO,NO,20:28,20:53,1:20:28,1:20:53,4828,4853
1,1.1,L,BEHAVIOR,NO,NO,20:56,21:16,1:20:56,1:21:16,4856,4876
1,1.1,M,EVENT,NO,NO,21:33,21:38,1:21:33,1:21:38,4893,4898
1,1.1,L,BEHAVIOR,NO,NO,21:38,22:35,1:21:38,1:22:35,4898,4955
1,1.1,L,BEHAVIOR,NO,NO,23:01,23:20,1:23:01,1:23:20,4981,5000
1,1.1,M,EVENT,NO,NO,23:20,23:31,1:23:20,1:23:31,5000,5011
1,1.1,H,EVENT,NO,NO,23:36,23:37,1:23:36,1:23:37,5016,5017
1,1.1,M,EVENT,NO,NO,23:48,23:51,1:23:48,1:23:51,5028,5031
1,1.1,M,EVENT,NO,NO,24:07:00,24:16:00,1:24:07,1:24:16,5047,5056
1,1.1,NB,BEHAVIOR,NO,NO,24:16:00,24:22:00,1:24:16,1:24:22,5056,5062
1,1.1,L,BEHAVIOR,NO,NO,24:23:00,24:26:00,1:24:23,1:24:26,5063,5066
1,1.1,M,EVENT,NO,NO,24:26:00,24:29:00,1:24:26,1:24:29,5066,5069
1,1.1,NB,BEHAVIOR,NO,YES,24:29:00,24:42:00,1:24:29,1:24:42,5069,5082
1,1.1,B,EVENT,NO,YES,24:42:00,24:44:00,1:24:42,1:24:44,5082,5084
1,1.1,B,EVENT,NO,YES,24:45:00,24:49:00,1:24:45,1:24:49,5085,5089
1,1.1,B,EVENT,NO,NO,24:51:00,24:52:00,1:24:51,1:24:52,5091,5092
1,1.1,M,EVENT,NO,NO,25:02:00,25:05:00,1:25:02,1:25:05,5102,5105
1,1.1,NB,EVENT,NO,YES,25:05:00,25:07:00,1:25:05,1:25:07,5105,5107
1,1.1,B,EVENT,NO,YES,25:08:00,25:18:00,1:25:08,1:25:18,5108,5118
1,1.1,L,BEHAVIOR,NO,NO,25:38:00,25:55:00,1:25:38,1:25:55,5138,5155
1,1.1,M,EVENT,NO,NO,25:55:00,26:04:00,1:25:55,1:26:04,5155,5164
1,1.1,NB,BEHAVIOR,NO,NO,26:16:00,26:26:00,1:26:16,1:26:26,5176,5186
1,1.1,M,EVENT,NO,NO,26:45:00,26:49:00,1:26:45,1:26:49,5205,5209
1,1.1,L,BEHAVIOR,NO,NO,26:49:00,26:52:00,1:26:49,1:26:52,5209,5212
1,1.1,L,BEHAVIOR,NO,NO,26:56:00,27:29:00,1:26:56,1:27:29,5216,5249
1,1.1,L,BEHAVIOR,NO,NO,27:35:00,27:52:00,1:27:35,1:27:52,5255,5272
1,1.1,L,BEHAVIOR,NO,NO,27:58:00,28:07:00,1:27:58,1:28:07,5278,5287
1,1.1,M,EVENT,NO,NO,28:07:00,28:11:00,1:28:07,1:28:11,5287,5291
1,1.1,M,EVENT,NO,NO,28:20:00,28:25:00,1:28:20,1:28:25,5300,5305
1,1.1,N,EVENT,NO,NO,28:25:00,28:29:00,1:28:25,1:28:29,5305,5309
1,1.1,M,EVENT,NO,NO,28:45:00,28:52:00,1:28:45,1:28:52,5325,5332
1,1.1,L,BEHAVIOR,NO,NO,28:52:00,29:00:00,1:28:52,1:29:00,5332,5340
1,1.1,N,EVENT,NO,NO,29:00:00,29:04:00,1:29:00,1:29:04,5340,5344
1,1.1,B,EVENT,NO,NO,29:10:00,29:12:00,1:29:10,1:29:12,5350,5352
1,1.2,M,EVENT,NO,NO,0:11,0:18,2:00:11,2:00:18,7211,7218
1,1.2,L,BEHAVIOR,NO,NO,0:18,0:22,2:00:18,2:00:22,7218,7222
1,1.2,M,EVENT,NO,NO,0:22,0:24,2:00:22,2:00:24,7222,7224
1,1.2,L,BEHAVIOR,NO,NO,0:24,0:43,2:00:24,2:00:43,7224,7243
1,1.2,M,EVENT,NO,NO,0:43,0:47,2:00:43,2:00:47,7243,7247
1,1.2,M,EVENT,NO,NO,0:48,1:51,2:00:48,2:01:51,7248,7311
1,1.2,M,EVENT,NO,NO,1:52,2:01,2:01:52,2:02:01,7312,7321
1,1.3,M,EVENT,NO,NO,0:17,0:20,3:00:17,3:00:20,10817,10820
1,1.3,NB,BEHAVIOR,NO,YES,0:57,1:03,3:00:57,3:01:03,10857,10863
1,1.3,B,EVENT,NO,YES,1:03,1:05,3:01:03,3:01:05,10863,10865
1,1.3,M,EVENT,NO,YES,1:14,1:20,3:01:14,3:01:20,10874,10880
1,1.3,B,EVENT,NO,YES,1:20,1:23,3:01:20,3:01:23,10880,10883
1,1.4,M,EVENT,NO,NO,1:02,1:06,4:01:02,4:01:06,14462,14466
1,1.4,M,EVENT,NO,NO,2:43,2:47,4:02:43,4:02:47,14563,14567
1,1.4,M,EVENT,NO,NO,2:56,3:06,4:02:56,4:03:06,14576,14586
1,1.4,L,BEHAVIOR,NO,NO,3:06,3:48,4:03:06,4:03:48,14586,14628
1,1.4,B,EVENT,NO,NO,3:48,3:49,4:03:48,4:03:49,14628,14629
1,1.4,B,EVENT,NO,NO,4:05,4:06,4:04:05,4:04:06,14645,14646
1,1.4,B,EVENT,NO,NO,4:20,4:22,4:04:20,4:04:22,14660,14662
1,1.5,B,EVENT,NO,NO,0:25,0:26,5:00:25,5:00:26,18025,18026
1,1.5,B,EVENT,NO,NO,0:36,0:38,5:00:36,5:00:38,18036,18038
1,1.6,M,EVENT,NO,NO,1:58,2:02,6:01:58,6:02:02,21718,21722
1,1.6,L,BEHAVIOR,NO,NO,2:02,2:16,6:02:02,6:02:16,21722,21736
1,1.6,L,BEHAVIOR,NO,NO,2:18,2:21,6:02:18,6:02:21,21738,21741
1,1.6,M,EVENT,NO,NO,2:21,2:25,6:02:21,6:02:25,21741,21745
1,1.6,L,BEHAVIOR,NO,NO,2:25,2:37,6:02:25,6:02:37,21745,21757
1,1.6,S,BEHAVIOR,NO,NO,2:37,2:38,6:02:37,6:02:38,21757,21758
1,1.6,B,EVENT,NO,NO,2:41,2:43,6:02:41,6:02:43,21761,21763
1,1.6,M,EVENT,NO,NO,3:02,3:05,6:03:02,6:03:05,21782,21785
1,1.6,NB,BEHAVIOR,NO,NO,3:05,3:10,6:03:05,6:03:10,21785,21790
1,1.6,M,EVENT,NO,NO,3:23,3:27,6:03:23,6:03:27,21803,21807
1,1.6,L,BEHAVIOR,NO,NO,3:27,3:31,6:03:27,6:03:31,21807,21811
1,1.6,M,EVENT,NO,NO,3:33,3:35,6:03:33,6:03:35,21813,21815
1,1.6,L,BEHAVIOR,NO,NO,3:35,3:48,6:03:35,6:03:48,21815,21828
1,1.6,M,EVENT,NO,NO,3:48,3:52,6:03:48,6:03:52,21828,21832
1,1.6,L,BEHAVIOR,NO,NO,3:52,3:58,6:03:52,6:03:58,21832,21838
1,1.6,L,BEHAVIOR,NO,NO,4:14,4:23,6:04:14,6:04:23,21854,21863
1,1.6,L,BEHAVIOR,NO,NO,4:32,4:42,6:04:32,6:04:42,21872,21882
1,1.6,NB,BEHAVIOR,NO,NO,4:42,4:51,6:04:42,6:04:51,21882,21891
1,1.6,L,BEHAVIOR,NO,NO,4:51,5:05,6:04:51,6:05:05,21891,21905
1,1.6,NB,BEHAVIOR,NO,NO,5:05,5:11,6:05:05,6:05:11,21905,21911
1,1.6,M,EVENT,NO,NO,5:11,5:16,6:05:11,6:05:16,21911,21916
1,1.6,L,BEHAVIOR,NO,NO,5:16,5:20,6:05:16,6:05:20,21916,21920
1,1.6,L,BEHAVIOR,NO,NO,5:20,5:29,6:05:20,6:05:29,21920,21929
1,1.6,M,EVENT,NO,NO,5:29,5:33,6:05:29,6:05:33,21929,21933
1,1.6,L,BEHAVIOR,NO,NO,5:33,5:36,6:05:33,6:05:36,21933,21936
1,1.6,M,BEHAVIOR,NO,NO,5:36,5:45,6:05:36,6:05:45,21936,21945
1,1.6,M,BEHAVIOR,NO,NO,5:50,6:00,6:05:50,6:06:00,21950,21960
1,1.6,NB,BEHAVIOR,NO,NO,6:01,6:05,6:06:01,6:06:05,21961,21965
1,1.6,NB,BEHAVIOR,NO,NO,6:09,6:15,6:06:09,6:06:15,21969,21975
1,1.6,M,BEHAVIOR,NO,NO,6:38,7:00,6:06:38,6:07:00,21998,22020
1,1.6,NB,BEHAVIOR,NO,YES,7:11,7:17,6:07:11,6:07:17,22031,22037
1,1.6,NB,BEHAVIOR,NO,NO,7:33,7:52,6:07:33,6:07:52,22053,22072
1,1.6,NB,BEHAVIOR,NO,NO,8:03,8:07,6:08:03,6:08:07,22083,22087
1,1.6,NB,BEHAVIOR,NO,NO,8:31,8:42,6:08:31,6:08:42,22111,22122
1,1.6,M,EVENT,NO,NO,8:42,8:59,6:08:42,6:08:59,22122,22139
1,1.6,M,EVENT,NO,NO,9:07,9:18,6:09:07,6:09:18,22147,22158
1,1.6,L,BEHAVIOR,NO,NO,9:18,10:15,6:09:18,6:10:15,22158,22215
1,1.7,M,EVENT,NO,NO,0:15,0:24,7:00:15,7:00:24,25215,25224
1,1.7,M,EVENT,NO,NO,0:30,0:38,7:00:30,7:00:38,25230,25238
1,1.7,L,BEHAVIOR,NO,NO,0:38,0:48,7:00:38,7:00:48,25238,25248
1,1.7,FP,BEHAVIOR,NO,NO,0:48,0:50,7:00:48,7:00:50,25248,25250
1,1.7,L,BEHAVIOR,NO,NO,0:51,1:11,7:00:51,7:01:11,25251,25271
1,1.7,M,EVENT,NO,NO,1:11,1:13,7:01:11,7:01:13,25271,25273
1,1.7,L,BEHAVIOR,NO,NO,1:13,2:06,7:01:13,7:02:06,25273,25326
1,1.7,M,EVENT,NO,NO,2:06,2:14,7:02:06,7:02:14,25326,25334
1,1.7,NB,BEHAVIOR,NO,YES,2:14,2:16,7:02:14,7:02:16,25334,25336
1,1.7,L,BEHAVIOR,NO,NO,2:20,2:41,7:02:20,7:02:41,25340,25361
1,1.7,NB,BEHAVIOR,NO,YES,2:42,2:45,7:02:42,7:02:45,25362,25365
1,1.7,L,BEHAVIOR,NO,NO,2:49,4:00,7:02:49,7:04:00,25369,25440
1,1.7,M,EVENT,NO,NO,4:01,4:09,7:04:01,7:04:09,25441,25449
1,1.7,M,EVENT,NO,NO,4:27,4:38,7:04:27,7:04:38,25467,25478
1,1.7,L,BEHAVIOR,NO,NO,4:38,5:03,7:04:38,7:05:03,25478,25503
1,1.7,L,BEHAVIOR,NO,NO,5:06,5:26,7:05:06,7:05:26,25506,25526
1,1.7,L,BEHAVIOR,NO,NO,5:49,6:45,7:05:49,7:06:45,25549,25605
1,1.7,M,EVENT,NO,NO,6:45,6:48,7:06:45,7:06:48,25605,25608
1,1.7,L,BEHAVIOR,NO,NO,7:09,7:29,7:07:09,7:07:29,25629,25649
1,1.7,M,EVENT,NO,NO,7:30,7:42,7:07:30,7:07:42,25650,25662
1,1.7,L,BEHAVIOR,NO,NO,7:42,7:57,7:07:42,7:07:57,25662,25677
1,1.7,M,EVENT,NO,NO,7:57,8:01,7:07:57,7:08:01,25677,25681
1,1.7,M,EVENT,NO,NO,8:16,8:33,7:08:16,7:08:33,25696,25713
1,1.7,M,EVENT,NO,NO,8:34,8:40,7:08:34,7:08:40,25714,25720
1,1.7,NB,BEHAVIOR,NO,YES,8:40,8:52,7:08:40,7:08:52,25720,25732
1,1.7,B,EVENT,NO,YES,8:52,8:55,7:08:52,7:08:55,25732,25735
1,1.7,B,EVENT,NO,YES,8:56,8:57,7:08:56,7:08:57,25736,25737
1,1.7,B,EVENT,NO,YES,8:57,8:58,7:08:57,7:08:58,25737,25738
1,1.7,B,EVENT,NO,NO,9:01,9:02,7:09:01,7:09:02,25741,25742
1,1.7,M,EVENT,NO,NO,9:12,9:15,7:09:12,7:09:15,25752,25755
1,1.7,NB,BEHAVIOR,NO,YES,9:15,9:16,7:09:15,7:09:16,25755,25756
1,1.7,H,EVENT,NO,YES,9:18,9:20,7:09:18,7:09:20,25758,25760
1,1.7,B,EVENT,NO,YES,9:20,9:26,7:09:20,7:09:26,25760,25766
1,1.7,M,EVENT,NO,NO,10:03,10:14,7:10:03,7:10:14,25803,25814
1,1.7,NB,BEHAVIOR,NO,NO,10:24,10:36,7:10:24,7:10:36,25824,25836
1,1.7,M,EVENT,NO,NO,10:56,10:59,7:10:56,7:10:59,25856,25859
1,1.7,L,BEHAVIOR,NO,NO,10:59,11:03,7:10:59,7:11:03,25859,25863
1,1.7,L,BEHAVIOR,NO,NO,11:06,11:41,7:11:06,7:11:41,25866,25901
1,1.8,M,EVENT,NO,NO,0:31,0:37,8:00:31,8:00:37,28831,28837
1,1.8,M,EVENT,NO,NO,0:44,0:55,8:00:44,8:00:55,28844,28855
1,1.8,M,EVENT,NO,NO,1:10,1:18,8:01:10,8:01:18,28870,28878
1,1.8,N,EVENT,NO,NO,1:35,1:36,8:01:35,8:01:36,28895,28896
1,1.8,M,EVENT,NO,NO,2:04,2:09,8:02:04,8:02:09,28924,28929
1,1.8,NB,BEHAVIOR,NO,NO,2:09,2:46,8:02:09,8:02:46,28929,28966
1,1.8,NB,BEHAVIOR,NO,NO,2:51,3:00,8:02:51,8:03:00,28971,28980
1,1.8,E,BEHAVIOR,NO,NO,3:00,3:11,8:03:00,8:03:11,28980,28991
1,1.8,L,BEHAVIOR,NO,NO,3:23,3:41,8:03:23,8:03:41,29003,29021
1,1.8,M,EVENT,NO,NO,3:41,3:53,8:03:41,8:03:53,29021,29033
1,1.8,M,EVENT,NO,NO,4:00,4:08,8:04:00,8:04:08,29040,29048
1,1.8,L,BEHAVIOR,NO,NO,4:08,4:32,8:04:08,8:04:32,29048,29072
1,1.8,M,EVENT,NO,NO,5:15,5:21,8:05:15,8:05:21,29115,29121
1,1.8,NB,BEHAVIOR,NO,YES,5:21,5:47,8:05:21,8:05:47,29121,29147
1,1.8,L,BEHAVIOR,NO,YES,5:47,6:44,8:05:47,8:06:44,29147,29204
1,1.8,L,BEHAVIOR,NO,NO,6:47,7:00,8:06:47,8:07:00,29207,29220
1,1.8,M,EVENT,NO,NO,7:00,7:13,8:07:00,8:07:13,29220,29233
1,1.8,M,EVENT,NO,NO,7:20,7:25,8:07:20,8:07:25,29240,29245
1,1.8,S,BEHAVIOR,NO,NO,7:26,7:27,8:07:26,8:07:27,29246,29247
1,1.8,S,BEHAVIOR,NO,NO,7:40,7:42,8:07:40,8:07:42,29260,29262
1,1.8,L,BEHAVIOR,NO,NO,8:11,9:41,8:08:11,8:09:41,29291,29381
1,1.8,M,EVENT,NO,NO,9:48,9:52,8:09:48,8:09:52,29388,29392
1,1.8,M,EVENT,NO,NO,10:09,10:16,8:10:09,8:10:16,29409,29416
1,1.8,B,EVENT,NO,NO,10:16,10:19,8:10:16,8:10:19,29416,29419
1,1.8,B,EVENT,NO,NO,10:20,10:30,8:10:20,8:10:30,29420,29430
1,1.8,B,EVENT,NO,NO,10:31,10:34,8:10:31,8:10:34,29431,29434
1,1.8,B,EVENT,NO,NO,10:50,10:52,8:10:50,8:10:52,29450,29452
1,1.8,M,EVENT,NO,NO,10:57,11:00,8:10:57,8:11:00,29457,29460
1,1.8,M,EVENT,NO,NO,11:05,11:08,8:11:05,8:11:08,29465,29468
1,1.8,NB,BEHAVIOR,NO,YES,11:08,11:10,8:11:08,8:11:10,29468,29470
1,1.8,L,BEHAVIOR,NO,YES,11:10,11:24,8:11:10,8:11:24,29470,29484
1,1.8,M,EVENT,NO,NO,11:27,11:33,8:11:27,8:11:33,29487,29493
1,1.8,B,EVENT,NO,NO,11:34,11:35,8:11:34,8:11:35,29494,29495
1,1.8,B,EVENT,NO,NO,11:39,11:45,8:11:39,8:11:45,29499,29505
1,1.8,B,EVENT,NO,NO,11:48,11:49,8:11:48,8:11:49,29508,29509
1,1.8,B,EVENT,NO,NO,11:52,11:53,8:11:52,8:11:53,29512,29513
1,1.8,N,EVENT,NO,NO,12:00,12:02,8:12:00,8:12:02,29520,29522
1,1.8,N,EVENT,NO,NO,12:57,12:58,8:12:57,8:12:58,29577,29578
1,1.8,N,EVENT,NO,NO,13:15,13:17,8:13:15,8:13:17,29595,29597
1,1.8,M,EVENT,NO,NO,13:36,13:41,8:13:36,8:13:41,29616,29621
1,1.8,L,BEHAVIOR,NO,NO,13:41,13:49,8:13:41,8:13:49,29621,29629
2,1.1,M,EVENT,NO,NO,0:11,0:17,1:00:11,1:00:17,3611,3617
2,1.1,M,EVENT,NO,NO,0:20,0:23,1:00:20,1:00:23,3620,3623
2,1.1,L,BEHAVIOR,NO,NO,0:31,0:35,1:00:31,1:00:35,3631,3635
2,1.1,FP,BEHAVIOR,NO,NO,0:37,0:38,1:00:37,1:00:38,3637,3638
2,1.1,L,BEHAVIOR,NO,NO,0:38,0:41,1:00:38,1:00:41,3638,3641
2,1.1,L,BEHAVIOR,NO,NO,0:45,0:57,1:00:45,1:00:57,3645,3657
2,1.1,L,BEHAVIOR,NO,NO,1:07,1:18,1:01:07,1:01:18,3667,3678
2,1.1,P,BEHAVIOR,NO,NO,1:35,1:39,1:01:35,1:01:39,3695,3699
2,1.1,NB,BEHAVIOR,NO,YES,1:43,1:57,1:01:43,1:01:57,3703,3717
2,1.1,L,BEHAVIOR,NO,YES,1:58,2:06,1:01:58,1:02:06,3718,3726
2,1.1,NB,BEHAVIOR,NO,YES,2:06,2:24,1:02:06,1:02:24,3726,3744
2,1.1,L,BEHAVIOR,NO,NO,2:39,2:58,1:02:39,1:02:58,3759,3778
2,1.1,NB,BEHAVIOR,NO,YES,2:58,3:10,1:02:58,1:03:10,3778,3790
2,1.1,L,BEHAVIOR,NO,NO,3:30,3:50,1:03:30,1:03:50,3810,3830
2,1.1,M,EVENT,NO,NO,3:50,3:56,1:03:50,1:03:56,3830,3836
2,1.1,L,BEHAVIOR,NO,NO,3:56,3:59,1:03:56,1:03:59,3836,3839
2,1.1,NB,BEHAVIOR,NO,NO,3:59,4:03,1:03:59,1:04:03,3839,3843
2,1.1,FP,BEHAVIOR,NO,NO,4:05,4:06,1:04:05,1:04:06,3845,3846
2,1.1,L,BEHAVIOR,NO,NO,4:26,4:33,1:04:26,1:04:33,3866,3873
2,1.1,M,EVENT,NO,NO,4:33,4:35,1:04:33,1:04:35,3873,3875
2,1.1,L,BEHAVIOR,NO,NO,4:35,4:40,1:04:35,1:04:40,3875,3880
2,1.1,L,BEHAVIOR,NO,NO,4:44,4:59,1:04:44,1:04:59,3884,3899
2,1.1,P,BEHAVIOR,NO,NO,5:00,5:04,1:05:00,1:05:04,3900,3904
2,1.1,L,BEHAVIOR,NO,NO,5:24,5:27,1:05:24,1:05:27,3924,3927
2,1.1,NB,BEHAVIOR,NO,NO,5:27,5:33,1:05:27,1:05:33,3927,3933
2,1.1,L,BEHAVIOR,NO,NO,6:04,6:23,1:06:04,1:06:23,3964,3983
2,1.1,M,EVENT,NO,NO,6:23,6:28,1:06:23,1:06:28,3983,3988
2,1.1,L,BEHAVIOR,NO,NO,6:28,6:51,1:06:28,1:06:51,3988,4011
2,1.1,L,BEHAVIOR,NO,NO,9:43,12:21,1:09:43,1:12:21,4183,4341
2,1.1,M,EVENT,NO,NO,12:21,12:27,1:12:21,1:12:27,4341,4347
2,1.1,M,EVENT,NO,NO,12:50,12:54,1:12:50,1:12:54,4370,4374
2,1.1,M,EVENT,NO,NO,13:15,13:24,1:13:15,1:13:24,4395,4404
2,1.1,L,BEHAVIOR,NO,NO,13:24,13:28,1:13:24,1:13:28,4404,4408
2,1.1,S,BEHAVIOR,NO,NO,13:28,13:30,1:13:28,1:13:30,4408,4410
2,1.1,L,BEHAVIOR,NO,NO,13:30,13:40,1:13:30,1:13:40,4410,4420
2,1.1,M,EVENT,NO,NO,13:40,13:51,1:13:40,1:13:51,4420,4431
2,1.1,M,EVENT,NO,NO,14:18,14:27,1:14:18,1:14:27,4458,4467
2,1.1,M,EVENT,NO,NO,14:30,14:36,1:14:30,1:14:36,4470,4476
2,1.1,M,EVENT,NO,NO,14:44,15:00,1:14:44,1:15:00,4484,4500
2,1.1,NB,BEHAVIOR,NO,NO,15:00,15:30,1:15:00,1:15:30,4500,4530
2,1.1,M,EVENT,NO,NO,15:30,15:49,1:15:30,1:15:49,4530,4549
2,1.1,M,EVENT,NO,NO,16:16,16:28,1:16:16,1:16:28,4576,4588
2,1.1,M,EVENT,NO,NO,17:05,17:09,1:17:05,1:17:09,4625,4629
2,1.1,NB,BEHAVIOR,NO,YES,17:09,17:16,1:17:09,1:17:16,4629,4636
2,1.1,L,BEHAVIOR,NO,YES,17:16,17:59,1:17:16,1:17:59,4636,4679
2,1.1,L,BEHAVIOR,NO,NO,18:03,18:35,1:18:03,1:18:35,4683,4715
2,1.1,NB,BEHAVIOR,NO,YES,18:35,19:14,1:18:35,1:19:14,4715,4754
2,1.1,B,EVENT,NO,YES,19:16,19:19,1:19:16,1:19:19,4756,4759
2,1.1,B,EVENT,NO,YES,19:21,19:24,1:19:21,1:19:24,4761,4764
2,1.1,N,EVENT,NO,YES,19:26,19:30,1:19:26,1:19:30,4766,4770
2,1.1,NB,BEHAVIOR,NO,YES,19:51,20:40,1:19:51,1:20:40,4791,4840
2,1.1,B,EVENT,NO,YES,20:42,20:43,1:20:42,1:20:43,4842,4843
2,1.2,M,EVENT,NO,NO,0:03,0:08,2:00:03,2:00:08,7203,7208
2,1.2,M,EVENT,NO,NO,0:54,0:59,2:00:54,2:00:59,7254,7259
2,1.2,NB,BEHAVIOR,NO,NO,1:00,1:25,2:01:00,2:01:25,7260,7285
2,1.2,NB,BEHAVIOR,NO,YES,1:36,1:45,2:01:36,2:01:45,7296,7305
2,1.2,NB,BEHAVIOR,NO,YES,1:47,1:53,2:01:47,2:01:53,7307,7313
2,1.2,L,BEHAVIOR,NO,YES,1:59,2:01,2:01:59,2:02:01,7319,7321
2,1.2,M,EVENT,NO,NO,2:02,2:08,2:02:02,2:02:08,7322,7328
2,1.2,N,EVENT,NO,NO,2:25,2:26,2:02:25,2:02:26,7345,7346
2,1.2,M,EVENT,NO,NO,2:35,2:39,2:02:35,2:02:39,7355,7359
2,1.2,L,BEHAVIOR,NO,NO,2:40,2:53,2:02:40,2:02:53,7360,7373
2,1.2,M,EVENT,NO,NO,2:54,2:58,2:02:54,2:02:58,7374,7378
2,1.2,L,BEHAVIOR,NO,NO,3:01,3:13,2:03:01,2:03:13,7381,7393
2,1.2,NB,BEHAVIOR,NO,YES,3:14,3:27,2:03:14,2:03:27,7394,7407
2,1.2,NB,BEHAVIOR,NO,YES,3:31,3:47,2:03:31,2:03:47,7411,7427
2,1.2,L,BEHAVIOR,NO,YES,3:48,5:27,2:03:48,2:05:27,7428,7527
2,1.2,L,BEHAVIOR,NO,NO,5:28,5:30,2:05:28,2:05:30,7528,7530
2,1.2,FP,BEHAVIOR,NO,NO,5:32,5:33,2:05:32,2:05:33,7532,7533
2,1.2,L,BEHAVIOR,NO,NO,5:35,5:41,2:05:35,2:05:41,7535,7541
2,1.2,L,BEHAVIOR,NO,NO,5:46,6:32,2:05:46,2:06:32,7546,7592
2,1.2,M,EVENT,NO,NO,6:33,6:39,2:06:33,2:06:39,7593,7599
2,1.2,L,BEHAVIOR,NO,NO,6:40,7:13,2:06:40,2:07:13,7600,7633
2,1.2,M,EVENT,NO,NO,7:14,7:17,2:07:14,2:07:17,7634,7637
2,1.2,L,BEHAVIOR,NO,NO,7:17,7:27,2:07:17,2:07:27,7637,7647
2,1.2,L,BEHAVIOR,NO,NO,7:32,7:44,2:07:32,2:07:44,7652,7664
2,1.2,M,EVENT,NO,NO,7:45,7:47,2:07:45,2:07:47,7665,7667
2,1.2,L,BEHAVIOR,NO,NO,7:48,8:31,2:07:48,2:08:31,7668,7711
2,1.2,L,BEHAVIOR,NO,NO,8:34,8:43,2:08:34,2:08:43,7714,7723
2,1.2,M,EVENT,NO,NO,8:44,8:48,2:08:44,2:08:48,7724,7728
2,1.2,L,BEHAVIOR,NO,NO,8:53,8:57,2:08:53,2:08:57,7733,7737
2,1.2,L,BEHAVIOR,NO,NO,9:00,9:02,2:09:00,2:09:02,7740,7742
2,1.2,M,EVENT,NO,NO,9:04,9:06,2:09:04,2:09:06,7744,7746
2,1.2,L,BEHAVIOR,NO,NO,9:07,9:09,2:09:07,2:09:09,7747,7749
2,1.2,M,EVENT,NO,NO,9:10,9:12,2:09:10,2:09:12,7750,7752
2,1.2,L,BEHAVIOR,NO,NO,9:12,9:23,2:09:12,2:09:23,7752,7763
2,1.2,L,BEHAVIOR,NO,NO,9:31,9:40,2:09:31,2:09:40,7771,7780
2,1.2,M,EVENT,NO,NO,9:41,9:48,2:09:41,2:09:48,7781,7788
2,1.2,M,EVENT,NO,NO,9:54,10:00,2:09:54,2:10:00,7794,7800
2,1.2,L,BEHAVIOR,NO,NO,10:01,10:15,2:10:01,2:10:15,7801,7815
2,1.2,L,BEHAVIOR,NO,NO,10:18,10:51,2:10:18,2:10:51,7818,7851
2,1.2,M,EVENT,NO,NO,10:51,10:55,2:10:51,2:10:55,7851,7855
2,1.2,M,EVENT,NO,NO,11:03,11:06,2:11:03,2:11:06,7863,7866
2,1.2,L,BEHAVIOR,NO,NO,11:07,11:54,2:11:07,2:11:54,7867,7914
2,1.2,L,BEHAVIOR,NO,NO,11:58,12:52,2:11:58,2:12:52,7918,7972
2,1.2,L,BEHAVIOR,NO,NO,12:58,13:33,2:12:58,2:13:33,7978,8013
2,1.2,S,BEHAVIOR,NO,NO,13:39,13:40,2:13:39,2:13:40,8019,8020
2,1.2,L,BEHAVIOR,NO,NO,14:02,14:49,2:14:02,2:14:49,8042,8089
2,1.2,L,BEHAVIOR,NO,NO,14:54,15:09,2:14:54,2:15:09,8094,8109
2,1.2,B,EVENT,NO,NO,15:10,15:12,2:15:10,2:15:12,8110,8112
2,1.2,B,EVENT,NO,NO,15:14,15:15,2:15:14,2:15:15,8114,8115
2,1.2,B,EVENT,NO,NO,15:18,15:19,2:15:18,2:15:19,8118,8119
2,1.2,M,EVENT,NO,NO,15:25,15:27,2:15:25,2:15:27,8125,8127
2,1.2,L,BEHAVIOR,NO,NO,15:27,15:39,2:15:27,2:15:39,8127,8139
2,1.2,M,EVENT,NO,NO,15:39,15:43,2:15:39,2:15:43,8139,8143
2,1.2,L,BEHAVIOR,NO,NO,15:43,15:46,2:15:43,2:15:46,8143,8146
2,1.2,M,EVENT,NO,NO,15:48,15:52,2:15:48,2:15:52,8148,8152
2,1.2,M,EVENT,NO,NO,15:57,15:59,2:15:57,2:15:59,8157,8159
2,1.2,NB,BEHAVIOR,NO,NO,16:02,16:04,2:16:02,2:16:04,8162,8164
2,1.2,NB,BEHAVIOR,NO,NO,16:29,16:32,2:16:29,2:16:32,8189,8192
2,1.2,NB,BEHAVIOR,NO,YES,16:34,16:37,2:16:34,2:16:37,8194,8197
2,1.2,L,BEHAVIOR,NO,YES,16:39,16:56,2:16:39,2:16:56,8199,8216
2,1.2,M,EVENT,NO,NO,16:58,16:59,2:16:58,2:16:59,8218,8219
2,1.2,NB,BEHAVIOR,NO,NO,17:00,17:03,2:17:00,2:17:03,8220,8223
2,1.2,NB,BEHAVIOR,NO,NO,17:20,17:31,2:17:20,2:17:31,8240,8251
2,1.2,M,EVENT,NO,NO,17:35,17:37,2:17:35,2:17:37,8255,8257
2,1.2,M,EVENT,NO,NO,17:39,17:44,2:17:39,2:17:44,8259,8264
2,1.2,NB,BEHAVIOR,NO,NO,17:56,17:58,2:17:56,2:17:58,8276,8278
2,1.2,NB,BEHAVIOR,NO,NO,18:02,18:06,2:18:02,2:18:06,8282,8286
2,1.2,M,EVENT,NO,NO,18:25,18:26,2:18:25,2:18:26,8305,8306
2,1.2,NB,BEHAVIOR,NO,YES,18:27,18:47,2:18:27,2:18:47,8307,8327
2,1.2,L,BEHAVIOR,NO,YES,18:51,19:08,2:18:51,2:19:08,8331,8348
2,1.2,NB,BEHAVIOR,NO,YES,19:12,19:29,2:19:12,2:19:29,8352,8369
2,1.2,NB,BEHAVIOR,NO,YES,20:06,20:47,2:20:06,2:20:47,8406,8447
2,1.2,L,BEHAVIOR,NO,YES,20:49,21:21,2:20:49,2:21:21,8449,8481
2,1.2,L,BEHAVIOR,NO,NO,21:28,21:42,2:21:28,2:21:42,8488,8502
2,1.2,M,EVENT,NO,NO,21:44,21:48,2:21:44,2:21:48,8504,8508
2,1.2,M,EVENT,NO,NO,21:57,22:05,2:21:57,2:22:05,8517,8525
2,1.2,NB,BEHAVIOR,NO,NO,22:26,22:27,2:22:26,2:22:27,8546,8547
2,1.2,M,EVENT,NO,NO,22:33,22:40,2:22:33,2:22:40,8553,8560
2,1.2,NB,BEHAVIOR,NO,NO,22:41,22:51,2:22:41,2:22:51,8561,8571
2,1.2,M,EVENT,NO,NO,22:51,22:53,2:22:51,2:22:53,8571,8573
2,1.2,NB,BEHAVIOR,NO,NO,22:54,22:56,2:22:54,2:22:56,8574,8576
2,1.2,NB,BEHAVIOR,NO,NO,22:58,23:07,2:22:58,2:23:07,8578,8587
2,1.2,L,BEHAVIOR,NO,NO,23:37,23:38,2:23:37,2:23:38,8617,8618
2,1.2,NB,BEHAVIOR,NO,YES,23:40,23:43,2:23:40,2:23:43,8620,8623
2,1.2,M,EVENT,NO,NO,24:02:00,24:08:00,2:24:02,2:24:08,8642,8648
2,1.2,M,EVENT,NO,NO,24:10:00,24:12:00,2:24:10,2:24:12,8650,8652
2,1.2,L,BEHAVIOR,NO,NO,24:12:00,24:20:00,2:24:12,2:24:20,8652,8660
2,1.2,L,BEHAVIOR,NO,NO,24:23:00,24:42:00,2:24:23,2:24:42,8663,8682
2,1.2,M,EVENT,NO,NO,24:43:00,24:49:00,2:24:43,2:24:49,8683,8689
2,1.2,L,BEHAVIOR,NO,NO,24:51:00,25:01:00,2:24:51,2:25:01,8691,8701
2,1.2,L,BEHAVIOR,NO,NO,25:03:00,25:09:00,2:25:03,2:25:09,8703,8709
2,1.2,M,EVENT,NO,NO,25:10:00,25:14:00,2:25:10,2:25:14,8710,8714
2,1.2,L,BEHAVIOR,NO,NO,25:17:00,25:39:00,2:25:17,2:25:39,8717,8739
2,1.2,NB,BEHAVIOR,NO,NO,25:40:00,25:41:00,2:25:40,2:25:41,8740,8741
2,1.2,L,BEHAVIOR,NO,NO,25:42:00,26:13:00,2:25:42,2:26:13,8742,8773
2,1.2,M,EVENT,NO,NO,26:13:00,26:14:00,2:26:13,2:26:14,8773,8774
2,1.2,L,BEHAVIOR,NO,NO,26:15:00,26:44:00,2:26:15,2:26:44,8775,8804
2,1.2,M,EVENT,NO,NO,27:19:00,27:24:00,2:27:19,2:27:24,8839,8844
2,1.2,L,BEHAVIOR,NO,NO,27:24:00,27:26:00,2:27:24,2:27:26,8844,8846
2,1.2,L,BEHAVIOR,NO,NO,27:27:00,27:36:00,2:27:27,2:27:36,8847,8856
2,1.2,M,EVENT,NO,NO,27:37:00,27:37:00,2:27:37,2:27:37,8857,8857
2,1.2,L,BEHAVIOR,NO,NO,27:38:00,27:48:00,2:27:38,2:27:48,8858,8868
2,1.2,M,EVENT,NO,NO,27:49:00,27:52:00,2:27:49,2:27:52,8869,8872
2,1.2,M,EVENT,NO,NO,27:56:00,27:59:00,2:27:56,2:27:59,8876,8879
2,1.2,L,BEHAVIOR,NO,NO,28:00:00,28:12:00,2:28:00,2:28:12,8880,8892
2,1.2,M,EVENT,NO,NO,28:14:00,28:21:00,2:28:14,2:28:21,8894,8901
2,1.2,NB,BEHAVIOR,NO,NO,28:22:00,28:24:00,2:28:22,2:28:24,8902,8904
2,1.2,NB,BEHAVIOR,NO,YES,28:25:00,28:27:00,2:28:25,2:28:27,8905,8907
2,1.2,L,BEHAVIOR,NO,YES,28:28:00,28:53:00,2:28:28,2:28:53,8908,8933
2,1.2,B,EVENT,NO,YES,28:54:00,28:58:00,2:28:54,2:28:58,8934,8938
2,1.2,B,EVENT,NO,YES,29:20:00,29:23:00,2:29:20,2:29:23,8960,8963
2,1.2,B,EVENT,NO,YES,29:25:00,29:28:00,2:29:25,2:29:28,8965,8968
2,1.2,NB,BEHAVIOR,NO,YES,29:44:00,29:59:00,2:29:44,2:29:59,8984,8999
2,1.2,B,EVENT,NO,YES,30:01:00,30:02:00,2:30:01,2:30:02,9001,9002
2,1.3,NB,BEHAVIOR,NO,YES,0:00,0:40,3:00:00,3:00:40,10800,10840
2,1.3,NB,BEHAVIOR,NO,YES,0:41,0:43,3:00:41,3:00:43,10841,10843
2,1.3,M,EVENT,NO,NO,1:11,1:14,3:01:11,3:01:14,10871,10874
2,1.4,M,EVENT,NO,NO,0:08,0:21,4:00:08,4:00:21,14408,14421
2,1.4,L,BEHAVIOR,NO,NO,0:29,0:32,4:00:29,4:00:32,14429,14432
2,1.4,FP,BEHAVIOR,NO,NO,0:34,0:35,4:00:34,4:00:35,14434,14435
2,1.4,L,BEHAVIOR,NO,NO,0:37,0:39,4:00:37,4:00:39,14437,14439
2,1.4,L,BEHAVIOR,NO,NO,0:43,0:54,4:00:43,4:00:54,14443,14454
2,1.4,L,BEHAVIOR,NO,NO,1:05,1:14,4:01:05,4:01:14,14465,14474
2,1.4,P,BEHAVIOR,NO,NO,1:34,1:36,4:01:34,4:01:36,14494,14496
2,1.4,M,EVENT,NO,NO,1:38,1:41,4:01:38,4:01:41,14498,14501
2,1.4,NB,BEHAVIOR,NO,YES,1:41,1:54,4:01:41,4:01:54,14501,14514
2,1.4,NB,BEHAVIOR,NO,YES,2:05,2:22,4:02:05,4:02:22,14525,14542
2,1.4,L,BEHAVIOR,NO,NO,2:37,2:55,4:02:37,4:02:55,14557,14575
2,1.4,NB,BEHAVIOR,NO,YES,2:56,3:08,4:02:56,4:03:08,14576,14588
2,1.4,L,BEHAVIOR,NO,NO,3:27,3:48,4:03:27,4:03:48,14607,14628
2,1.4,M,EVENT,NO,NO,3:48,3:54,4:03:48,4:03:54,14628,14634
2,1.4,NB,BEHAVIOR,NO,NO,3:58,4:00,4:03:58,4:04:00,14638,14640
2,1.4,FP,BEHAVIOR,NO,NO,4:05,4:06,4:04:05,4:04:06,14645,14646
2,1.4,NB,BEHAVIOR,NO,NO,4:22,4:24,4:04:22,4:04:24,14662,14664
2,1.4,M,EVENT,NO,NO,4:31,4:32,4:04:31,4:04:32,14671,14672
2,1.4,L,BEHAVIOR,NO,NO,4:33,4:38,4:04:33,4:04:38,14673,14678
2,1.4,M,EVENT,NO,NO,4:38,4:42,4:04:38,4:04:42,14678,14682
2,1.4,P,BEHAVIOR,NO,NO,4:58,5:01,4:04:58,4:05:01,14698,14701
2,1.4,L,BEHAVIOR,NO,NO,5:22,5:23,4:05:22,4:05:23,14722,14723
2,1.4,NB,BEHAVIOR,NO,NO,5:24,5:30,4:05:24,4:05:30,14724,14730
2,1.4,M,EVENT,NO,NO,6:00,6:02,4:06:00,4:06:02,14760,14762
2,1.4,L,BEHAVIOR,NO,NO,6:03,6:21,4:06:03,4:06:21,14763,14781
2,1.4,M,EVENT,NO,NO,6:22,6:25,4:06:22,4:06:25,14782,14785
2,1.4,L,BEHAVIOR,NO,NO,6:25,6:45,4:06:25,4:06:45,14785,14805
2,1.5,L,BEHAVIOR,NO,NO,0:40,1:33,5:00:40,5:01:33,18040,18093
2,1.5,M,EVENT,NO,NO,1:34,1:36,5:01:34,5:01:36,18094,18096
2,1.5,P,BEHAVIOR,NO,NO,1:52,1:54,5:01:52,5:01:54,18112,18114
2,1.5,L,BEHAVIOR,NO,NO,2:53,4:42,5:02:53,5:04:42,18173,18282
2,1.5,FP,BEHAVIOR,NO,NO,4:43,4:44,5:04:43,5:04:44,18283,18284
2,1.5,L,BEHAVIOR,NO,NO,4:45,5:32,5:04:45,5:05:32,18285,18332
2,1.5,M,EVENT,NO,NO,5:34,5:38,5:05:34,5:05:38,18334,18338
2,1.5,M,EVENT,NO,NO,6:00,6:04,5:06:00,5:06:04,18360,18364
2,1.5,M,EVENT,NO,NO,6:23,6:33,5:06:23,5:06:33,18383,18393
2,1.5,L,BEHAVIOR,NO,NO,6:33,6:50,5:06:33,5:06:50,18393,18410
2,1.5,M,EVENT,NO,NO,6:51,7:01,5:06:51,5:07:01,18411,18421
2,1.5,M,EVENT,NO,NO,7:28,7:36,5:07:28,5:07:36,18448,18456
2,1.5,M,EVENT,NO,NO,7:41,7:47,5:07:41,5:07:47,18461,18467
2,1.5,NB,BEHAVIOR,NO,NO,7:55,8:40,5:07:55,5:08:40,18475,18520
2,1.5,M,EVENT,NO,NO,8:42,8:58,5:08:42,5:08:58,18522,18538
2,1.5,M,EVENT,NO,NO,9:27,9:36,5:09:27,5:09:36,18567,18576
2,1.5,L,BEHAVIOR,NO,NO,9:37,10:14,5:09:37,5:10:14,18577,18614
2,1.5,M,EVENT,NO,NO,10:15,10:19,5:10:15,5:10:19,18615,18619
2,1.5,NB,BEHAVIOR,NO,YES,10:20,10:26,5:10:20,5:10:26,18620,18626
2,1.5,L,BEHAVIOR,NO,YES,10:26,11:09,5:10:26,5:11:09,18626,18669
2,1.5,P,BEHAVIOR,NO,NO,11:44,11:45,5:11:44,5:11:45,18704,18705
2,1.5,NB,BEHAVIOR,NO,YES,11:46,12:24,5:11:46,5:12:24,18706,18744
2,1.5,B,EVENT,NO,YES,12:26,12:30,5:12:26,5:12:30,18746,18750
2,1.5,B,EVENT,NO,YES,12:32,12:34,5:12:32,5:12:34,18752,18754
2,1.5,N,EVENT,NO,YES,12:36,12:41,5:12:36,5:12:41,18756,18761
2,1.5,NB,BEHAVIOR,NO,YES,13:01,13:50,5:13:01,5:13:50,18781,18830
2,1.5,B,EVENT,NO,YES,13:52,13:54,5:13:52,5:13:54,18832,18834
2,1.6,M,EVENT,NO,NO,1:10,1:16,6:01:10,6:01:16,21670,21676
2,1.7,FP,BEHAVIOR,NO,NO,0:03,0:04,7:00:03,7:00:04,25203,25204
2,1.7,M,EVENT,NO,NO,0:11,0:15,7:00:11,7:00:15,25211,25215
2,1.7,NB,BEHAVIOR,NO,YES,0:15,0:41,7:00:15,7:00:41,25215,25241
2,1.7,NB,BEHAVIOR,NO,YES,0:53,1:01,7:00:53,7:01:01,25253,25261
2,1.7,NB,BEHAVIOR,NO,YES,1:04,1:09,7:01:04,7:01:09,25264,25269
2,1.7,P,BEHAVIOR,NO,YES,1:10,1:12,7:01:10,7:01:12,25270,25272
2,1.7,M,EVENT,NO,NO,1:19,1:25,7:01:19,7:01:25,25279,25285
2,1.7,N,EVENT,NO,NO,1:38,1:39,7:01:38,7:01:39,25298,25299
2,1.7,M,EVENT,NO,NO,1:51,1:55,7:01:51,7:01:55,25311,25315
2,1.7,L,BEHAVIOR,NO,NO,1:55,2:10,7:01:55,7:02:10,25315,25330
2,1.7,M,EVENT,NO,NO,2:10,2:14,7:02:10,7:02:14,25330,25334
2,1.7,NB,BEHAVIOR,NO,YES,2:29,2:43,7:02:29,7:02:43,25349,25363
2,1.7,NB,BEHAVIOR,NO,YES,2:48,3:04,7:02:48,7:03:04,25368,25384
2,1.7,L,BEHAVIOR,NO,YES,3:04,4:44,7:03:04,7:04:44,25384,25484
2,1.7,L,BEHAVIOR,NO,NO,4:44,4:46,7:04:44,7:04:46,25484,25486
2,1.7,FP,BEHAVIOR,NO,NO,4:48,4:49,7:04:48,7:04:49,25488,25489
2,1.7,L,BEHAVIOR,NO,NO,4:49,4:57,7:04:49,7:04:57,25489,25497
2,1.7,L,BEHAVIOR,NO,NO,5:03,5:37,7:05:03,7:05:37,25503,25537
2,1.8,M,EVENT,NO,NO,0:34,0:37,8:00:34,8:00:37,28834,28837
2,1.8,L,BEHAVIOR,NO,NO,0:37,0:47,8:00:37,8:00:47,28837,28847
2,1.8,M,EVENT,NO,NO,0:47,0:52,8:00:47,8:00:52,28847,28852
2,1.8,L,BEHAVIOR,NO,NO,0:52,1:04,8:00:52,8:01:04,28852,28864
2,1.8,M,EVENT,NO,NO,1:05,1:08,8:01:05,8:01:08,28865,28868
2,1.8,L,BEHAVIOR,NO,NO,1:08,1:52,8:01:08,8:01:52,28868,28912
2,1.8,L,BEHAVIOR,NO,NO,1:54,2:04,8:01:54,8:02:04,28914,28924
2,1.8,M,EVENT,NO,NO,2:05,2:08,8:02:05,8:02:08,28925,28928
2,1.8,L,BEHAVIOR,NO,NO,2:13,2:17,8:02:13,8:02:17,28933,28937
2,1.8,L,BEHAVIOR,NO,NO,2:20,2:23,8:02:20,8:02:23,28940,28943
2,1.8,M,EVENT,NO,NO,2:24,2:26,8:02:24,8:02:26,28944,28946
2,1.8,L,BEHAVIOR,NO,NO,2:26,2:29,8:02:26,8:02:29,28946,28949
2,1.8,M,EVENT,NO,NO,2:30,2:31,8:02:30,8:02:31,28950,28951
2,1.8,L,BEHAVIOR,NO,NO,2:32,2:43,8:02:32,8:02:43,28952,28963
2,1.8,M,EVENT,NO,NO,2:43,2:46,8:02:43,8:02:46,28963,28966
2,1.8,L,BEHAVIOR,NO,NO,2:46,2:55,8:02:46,8:02:55,28966,28975
2,1.8,M,EVENT,NO,NO,2:56,3:03,8:02:56,8:03:03,28976,28983
2,1.8,M,EVENT,NO,NO,3:08,3:16,8:03:08,8:03:16,28988,28996
2,1.8,L,BEHAVIOR,NO,NO,3:16,3:30,8:03:16,8:03:30,28996,29010
2,1.8,L,BEHAVIOR,NO,NO,3:33,4:06,8:03:33,8:04:06,29013,29046
2,1.8,M,EVENT,NO,NO,4:06,4:11,8:04:06,8:04:11,29046,29051
2,1.8,M,EVENT,NO,NO,4:18,4:22,8:04:18,8:04:22,29058,29062
2,1.8,L,BEHAVIOR,NO,NO,5:13,5:46,8:05:13,8:05:46,29113,29146
2,1.9,L,BEHAVIOR,NO,NO,0:15,0:17,9:00:15,9:00:17,32415,32417
2,1.9,S,BEHAVIOR,NO,NO,1:04,1:06,9:01:04,9:01:06,32464,32466
2,1.9,M,EVENT,NO,NO,2:15,2:19,9:02:15,9:02:19,32535,32539
2,1.9,B,EVENT,NO,NO,2:35,2:38,9:02:35,9:02:38,32555,32558
2,1.9,B,EVENT,NO,NO,2:39,2:41,9:02:39,9:02:41,32559,32561
2,1.9,B,EVENT,NO,NO,2:43,2:44,9:02:43,9:02:44,32563,32564
2,1.9,M,EVENT,NO,NO,2:50,2:52,9:02:50,9:02:52,32570,32572
2,1.9,M,EVENT,NO,NO,3:05,3:08,9:03:05,9:03:08,32585,32588
2,1.9,L,BEHAVIOR,NO,NO,3:09,3:12,9:03:09,9:03:12,32589,32592
2,1.9,M,EVENT,NO,NO,3:12,3:17,9:03:12,9:03:17,32592,32597
2,1.9,M,EVENT,NO,NO,3:22,3:24,9:03:22,9:03:24,32602,32604
2,1.9,M,EVENT,NO,NO,3:26,3:30,9:03:26,9:03:30,32606,32610
2,1.9,NB,BEHAVIOR,NO,NO,3:54,3:57,9:03:54,9:03:57,32634,32637
2,1.9,NB,BEHAVIOR,NO,YES,4:00,4:03,9:04:00,9:04:03,32640,32643
2,1.9,L,BEHAVIOR,NO,YES,4:04,4:21,9:04:04,9:04:21,32644,32661
2,1.9,NB,BEHAVIOR,NO,NO,4:24,4:29,9:04:24,9:04:29,32664,32669
2,1.9,NB,BEHAVIOR,NO,NO,4:45,4:55,9:04:45,9:04:55,32685,32695
2,1.9,M,EVENT,NO,NO,4:59,5:09,9:04:59,9:05:09,32699,32709
2,1.9,NB,BEHAVIOR,NO,NO,5:20,5:23,9:05:20,9:05:23,32720,32723
2,1.9,NB,BEHAVIOR,NO,YES,5:51,6:12,9:05:51,9:06:12,32751,32772
2,1.9,L,BEHAVIOR,NO,YES,6:16,6:33,9:06:16,9:06:33,32776,32793
2,1.9,NB,BEHAVIOR,NO,YES,6:37,6:54,9:06:37,9:06:54,32797,32814
2,1.9,NB,BEHAVIOR,NO,YES,7:31,8:12,9:07:31,9:08:12,32851,32892
2,1.9,L,BEHAVIOR,NO,YES,8:14,8:46,9:08:14,9:08:46,32894,32926
2,1.9,L,BEHAVIOR,NO,NO,8:53,9:02,9:08:53,9:09:02,32933,32942
2,1.1,M,EVENT,NO,NO,0:03,0:09,1:00:03,1:00:09,3603,3609
2,1.1,M,EVENT,NO,NO,0:18,0:26,1:00:18,1:00:26,3618,3626
2,1.1,NB,BEHAVIOR,NO,NO,0:46,0:47,1:00:46,1:00:47,3646,3647
2,1.1,M,EVENT,NO,NO,0:53,1:00,1:00:53,1:01:00,3653,3660
2,1.1,NB,BEHAVIOR,NO,NO,1:01,1:10,1:01:01,1:01:10,3661,3670
2,1.1,NB,BEHAVIOR,NO,NO,1:19,1:26,1:01:19,1:01:26,3679,3686
2,1.1,FP,BEHAVIOR,NO,NO,1:41,1:42,1:01:41,1:01:42,3701,3702
2,1.1,NB,BEHAVIOR,NO,YES,2:00,2:03,1:02:00,1:02:03,3720,3723
2,1.1,M,EVENT,NO,NO,2:21,2:32,1:02:21,1:02:32,3741,3752
2,1.1,L,BEHAVIOR,NO,NO,2:33,2:41,1:02:33,1:02:41,3753,3761
2,1.1,L,BEHAVIOR,NO,NO,2:44,3:02,1:02:44,1:03:02,3764,3782
2,1.1,M,EVENT,NO,NO,3:03,3:09,1:03:03,1:03:09,3783,3789
2,1.1,L,BEHAVIOR,NO,NO,3:23,3:30,1:03:23,1:03:30,3803,3810
2,1.1,M,EVENT,NO,NO,3:31,3:36,1:03:31,1:03:36,3811,3816
2,1.1,L,BEHAVIOR,NO,NO,3:38,4:01,1:03:38,1:04:01,3818,3841
2,1.1,L,BEHAVIOR,NO,NO,4:03,4:14,1:04:03,1:04:14,3843,3854
2,1.11,L,BEHAVIOR,NO,NO,0:01,0:16,11:00:01,11:00:16,39601,39616
2,1.11,M,EVENT,NO,NO,0:17,0:18,11:00:17,11:00:18,39617,39618
2,1.11,L,BEHAVIOR,NO,NO,0:18,0:47,11:00:18,11:00:47,39618,39647
2,1.11,M,EVENT,NO,NO,1:22,1:27,11:01:22,11:01:27,39682,39687
2,1.11,L,BEHAVIOR,NO,NO,1:28,1:30,11:01:28,11:01:30,39688,39690
2,1.11,L,BEHAVIOR,NO,NO,1:32,1:40,11:01:32,11:01:40,39692,39700
2,1.11,M,EVENT,NO,NO,1:41,1:41,11:01:41,11:01:41,39701,39701
2,1.11,L,BEHAVIOR,NO,NO,1:41,1:53,11:01:41,11:01:53,39701,39713
2,1.11,M,EVENT,NO,NO,1:53,1:56,11:01:53,11:01:56,39713,39716
2,1.11,M,EVENT,NO,NO,2:00,2:03,11:02:00,11:02:03,39720,39723
2,1.11,L,BEHAVIOR,NO,NO,2:03,2:17,11:02:03,11:02:17,39723,39737
2,1.11,M,EVENT,NO,NO,2:18,2:25,11:02:18,11:02:25,39738,39745
2,1.11,NB,BEHAVIOR,NO,NO,2:26,2:28,11:02:26,11:02:28,39746,39748
2,1.11,NB,BEHAVIOR,NO,NO,2:29,2:31,11:02:29,11:02:31,39749,39751
2,1.11,N,EVENT,NO,YES,2:53,2:56,11:02:53,11:02:56,39773,39776
2,1.11,H,EVENT,NO,YES,2:58,3:02,11:02:58,11:03:02,39778,39782
2,1.11,B,EVENT,NO,YES,3:24,3:27,11:03:24,11:03:27,39804,39807
2,1.11,B,EVENT,NO,YES,3:28,3:33,11:03:28,11:03:33,39808,39813
2,1.11,NB,BEHAVIOR,NO,YES,3:48,4:03,11:03:48,11:04:03,39828,39843
2,1.11,B,EVENT,NO,YES,4:05,4:06,11:04:05,11:04:06,39845,39846
2,1.11,NB,BEHAVIOR,NO,YES,4:39,6:06,11:04:39,11:06:06,39879,39966
2,1.11,NB,BEHAVIOR,NO,YES,6:08,6:10,11:06:08,11:06:10,39968,39970
2,1.11,M,EVENT,NO,NO,6:39,6:41,11:06:39,11:06:41,39999,40001
2,1.12,M,EVENT,YES,NO,0:00,0:01,12:00:00,12:00:01,43200,43201
2,1.12,L,BEHAVIOR,YES,NO,0:01,0:26,12:00:01,12:00:26,43201,43226
2,1.12,L,BEHAVIOR,YES,NO,0:27,0:42,12:00:27,12:00:42,43227,43242
2,1.12,M,EVENT,YES,NO,0:42,0:44,12:00:42,12:00:44,43242,43244
2,1.12,L,BEHAVIOR,YES,NO,0:44,0:45,12:00:44,12:00:45,43244,43245
3,1.1,M,EVENT,NO,NO,0:10,0:24,1:00:10,1:00:24,3610,3624
3,1.1,B,BEHAVIOR,NO,YES,0:40,0:44,1:00:40,1:00:44,3640,3644
3,1.1,B,BEHAVIOR,NO,YES,0:46,0:49,1:00:46,1:00:49,3646,3649
3,1.1,B ,BEHAVIOR,NO,YES,0:50,0:58,1:00:50,1:00:58,3650,3658
3,1.1,M,EVENT,NO,NO,1:06,1:10,1:01:06,1:01:10,3666,3670
3,1.1,M,EVENT,NO,NO,1:14,1:20,1:01:14,1:01:20,3674,3680
3,1.1,Nb,BEHAVIOR,NO,NO,1:20,1:40,1:01:20,1:01:40,3680,3700
3,1.1,L,BEHAVIOR,NO,NO,1:40,2:22,1:01:40,1:02:22,3700,3742
3,1.1,M,EVENT,NO,YES,2:22,2:24,1:02:22,1:02:24,3742,3744
3,1.1,M,EVENT,NO,NO,2:38,2:47,1:02:38,1:02:47,3758,3767
3,1.1,B,EVENT,NO,NO,2:48,2:49,1:02:48,1:02:49,3768,3769
3,1.1,M,EVENT,NO,NO,3:56,3:59,1:03:56,1:03:59,3836,3839
3,1.1,M,EVENT,NO,NO,4:05,4:06,1:04:05,1:04:06,3845,3846
3,1.1,B,EVENT,NO,NO,4:06,4:07,1:04:06,1:04:07,3846,3847
3,1.1,B,EVENT,NO,NO,4:07,4:08,1:04:07,1:04:08,3847,3848
3,1.1,M,EVENT,NO,NO,4:09,4:10,1:04:09,1:04:10,3849,3850
3,1.1,V,EVENT,NO,NO,4:23,4:23,1:04:23,1:04:23,3863,3863
3,1.2,M,EVENT,NO,NO,0:32,0:41,2:00:32,2:00:41,7232,7241
3,1.2,L,BEHAVIOR,NO,NO,0:36,0:37,2:00:36,2:00:37,7236,7237
3,1.2,M,EVENT,NO,NO,0:37,0:42,2:00:37,2:00:42,7237,7242
3,1.2,L,BEHAVIOR,NO,YES (Handler singing),0:42,0:43,2:00:42,2:00:43,7242,7243
3,1.2,M,EVENT,NO,YES (Handler singing),0:43,0:46,2:00:43,2:00:46,7243,7246
3,1.2,B,EVENT,NO,YES (Handler singing),0:54,0:59,2:00:54,2:00:59,7254,7259
3,1.2,B,EVENT,NO,YES (Handler singing),1:00,1:02,2:01:00,2:01:02,7260,7262
3,1.2,M,EVENT,NO,YES (Handler singing),1:09,1:11,2:01:09,2:01:11,7269,7271
3,1.2,B,EVENT,NO,YES (Handler singing),1:11,1:13,2:01:11,2:01:13,7271,7273
3,1.2,B,EVENT,NO,NO,1:15,1:18,2:01:15,2:01:18,7275,7278
3,1.2,B,EVENT,NO,NO,1:20,1:22,2:01:20,2:01:22,7280,7282
3,1.2,N ,EVENT,NO,NO,1:25,1:25,2:01:25,2:01:25,7285,7285
3,1.2,B,EVENT,NO,NO,1:29,1:32,2:01:29,2:01:32,7289,7292
3,1.3,M,EVENT,NO,NO,0:00:00,0:00:04,3:00:00,3:00:04,10800,10804
3,1.3,M,EVENT,NO,NO,0:00:08,0:00:17,3:00:08,3:00:17,10808,10817
3,1.3,V,EVENT,NO,NO,0:00:17,0:00:18,3:00:17,3:00:18,10817,10818
3,1.3,B,EVENT,NO,NO,0:00:24,0:00:26,3:00:24,3:00:26,10824,10826
3,1.3,B,EVENT,NO,NO,0:00:29,0:00:29,3:00:29,3:00:29,10829,10829
3,1.3,B,EVENT,NO,NO,0:00:30,0:00:33,3:00:30,3:00:33,10830,10833
3,1.3,B,EVENT,NO,NO,0:00:34,0:00:35,3:00:34,3:00:35,10834,10835
3,1.3,B,EVENT,NO,NO,0:01:02,0:01:05,3:01:02,3:01:05,10862,10865
3,1.3,B,EVENT,NO,NO,0:01:07,0:01:11,3:01:07,3:01:11,10867,10871
3,1.3,M,EVENT,NO,NO,0:01:15,0:01:16,3:01:15,3:01:16,10875,10876
3,1.3,H,EVENT,NO,NO,0:01:17,0:01:19,3:01:17,3:01:19,10877,10879
3,1.3,H,EVENT,NO,NO,0:01:50,0:01:51,3:01:50,3:01:51,10910,10911
3,1.3,M,EVENT,NO,NO,0:01:53,0:01:56,3:01:53,3:01:56,10913,10916
3,1.3,FP,BEHAVIOR,NO,NO,0:01:56,0:01:57,3:01:56,3:01:57,10916,10917
3,1.3,M,EVENT,NO,NO,0:01:58,0:02:02,3:01:58,3:02:02,10918,10922
3,1.3,L,BEHAVIOR,NO,NO,0:02:06,0:02:15,3:02:06,3:02:15,10926,10935
3,1.3,M,EVENT,NO,NO,0:02:35,0:02:40,3:02:35,3:02:40,10955,10960
3,1.3,M,EVENT,NO,NO,0:02:52,0:02:54,3:02:52,3:02:54,10972,10974
3,1.3,H,EVENT,NO,NO,0:03:00,0:03:02,3:03:00,3:03:02,10980,10982
3,1.3,Nb,BEHAVIOR,NO,NO,0:03:32,0:03:37,3:03:32,3:03:37,11012,11017
3,1.3,M,EVENT,NO,NO,0:03:50,0:03:53,3:03:50,3:03:53,11030,11033
3,1.3,L,BEHAVIOR,NO,NO,0:03:53,0:03:53,3:03:53,3:03:53,11033,11033
3,1.3,M,EVENT,NO,NO,0:03:54,0:03:56,3:03:54,3:03:56,11034,11036
3,1.3,L,BEHAVIOR,NO,NO,0:03:56,0:04:11,3:03:56,3:04:11,11036,11051
3,1.3,B,EVENT,NO,NO,0:04:11,0:04:12,3:04:11,3:04:12,11051,11052
3,1.3,L,BEHAVIOR,NO,NO,0:04:14,0:04:14,3:04:14,3:04:14,11054,11054
3,1.3,B,EVENT,NO,NO,0:04:15,0:04:15,3:04:15,3:04:15,11055,11055
3,1.3,H,EVENT,NO,NO,0:04:16,0:04:17,3:04:16,3:04:17,11056,11057
3,1.3,L,BEHAVIOR,NO,NO,0:04:17,0:05:05,3:04:17,3:05:05,11057,11105
3,1.3,M,EVENT,NO,NO,0:05:06,0:05:08,3:05:06,3:05:08,11106,11108
3,1.4,M,EVENT,NO,NO,0:01:04,0:01:05,4:01:04,4:01:05,14464,14465
3,1.4,FP,BEHAVIOR,NO,NO,0:01:06,0:01:06,4:01:06,4:01:06,14466,14466
3,1.4,M,EVENT,NO,YES,0:01:44,0:01:45,4:01:44,4:01:45,14504,14505
3,1.5,M,EVENT,NO,NO,0:00:20,0:00:23,5:00:20,5:00:23,18020,18023
3,1.5,L,BEHAVIOR,NO,NO/Yes (starts while standing),0:00:23,0:01:25,5:00:23,5:01:25,18023,18085
3,1.5,M,EVENT,NO,NO,0:01:25,0:01:27,5:01:25,5:01:27,18085,18087
3,1.5,M,EVENT,NO,NO,0:02:02,0:02:04,5:02:02,5:02:04,18122,18124
3,1.5,V,EVENT,NO,YES,0:02:06,0:02:07,5:02:06,5:02:07,18126,18127
3,1.5,M,EVENT,NO,YES,0:02:12,0:02:14,5:02:12,5:02:14,18132,18134
3,1.5,M,EVENT,NO,NO,0:02:16,0:02:16,5:02:16,5:02:16,18136,18136
3,1.5,M,EVENT,NO,NO,0:02:16,0:02:17,5:02:16,5:02:17,18136,18137
3,1.5,M,EVENT,NO,NO,0:02:17,0:02:19,5:02:17,5:02:19,18137,18139
3,1.5,M,EVENT,NO,NO,0:02:22,0:02:23,5:02:22,5:02:23,18142,18143
3,1.5,M,EVENT,NO,NO,0:02:25,0:02:25,5:02:25,5:02:25,18145,18145
3,1.5,V,EVENT,NO,NO,0:02:27,0:02:27,5:02:27,5:02:27,18147,18147
3,1.5,V,EVENT,NO,YES/NO (stops just as he cries),0:02:41,0:02:42,5:02:41,5:02:42,18161,18162
3,1.5,M,EVENT,NO,NO,0:03:01,0:03:03,5:03:01,5:03:03,18181,18183
3,1.5,V,EVENT,NO,NO,0:03:04,0:03:05,5:03:04,5:03:05,18184,18185
3,1.5,M,EVENT,NO,NO,0:03:07,0:03:07,5:03:07,5:03:07,18187,18187
3,1.5,M,EVENT,NO,NO,0:03:10,0:03:12,5:03:10,5:03:12,18190,18192
3,1.5,V,EVENT,NO,NO,0:03:21,0:03:22,5:03:21,5:03:22,18201,18202
3,1.5,V,EVENT,NO,NO,0:03:32,0:03:32,5:03:32,5:03:32,18212,18212
3,1.5,V,EVENT,NO,NO,0:03:53,0:03:52,5:03:53,5:03:52,18233,18232
3,1.5,S,BEHAVIOR,NO,NO,0:03:56,0:04:03,5:03:56,5:04:03,18236,18243
3,1.5,M,EVENT,NO,NO,0:04:09,0:04:15,5:04:09,5:04:15,18249,18255
3,1.5,V,EVENT,NO,NO,0:04:15,0:04:15,5:04:15,5:04:15,18255,18255
3,1.5,Nb,BEHAVIOR,NO,NO,0:04:23,0:04:25,5:04:23,5:04:25,18263,18265
3,1.5,V,EVENT,NO,NO,0:04:56,0:04:56,5:04:56,5:04:56,18296,18296
3,1.5,Nb,BEHAVIOR,NO,NO,0:05:16,0:05:23,5:05:16,5:05:23,18316,18323
3,1.5,M,EVENT,NO,YES,0:05:47,0:05:47,5:05:47,5:05:47,18347,18347
3,1.5,Nb,BEHAVIOR,NO,YES,0:05:47,0:05:48,5:05:47,5:05:48,18347,18348
3,1.5,M,EVENT,NO,YES,0:05:48,0:05:53,5:05:48,5:05:53,18348,18353
3,1.5,L,BEHAVIOR,NO,NO,0:05:54,0:06:12,5:05:54,5:06:12,18354,18372
3,1.5,V,EVENT,NO,NO,0:06:02,0:06:02,5:06:02,5:06:02,18362,18362
3,1.5,M,EVENT,NO,NO,0:06:11,0:06:11,5:06:11,5:06:11,18371,18371
3,1.5,L,BEHAVIOR,NO,NO,0:06:13,0:06:14,5:06:13,5:06:14,18373,18374
3,1.5,L,BEHAVIOR,NO,NO,0:06:16,0:07:08,5:06:16,5:07:08,18376,18428
3,1.5,L,BEHAVIOR,NO,NO,0:07:10,0:07:18,5:07:10,5:07:18,18430,18438
3,1.6,V,EVENT,NO,NO,0:02:08,0:02:09,6:02:08,6:02:09,21728,21729
3,1.6,V,EVENT,NO,NO,0:02:38,0:02:38,6:02:38,6:02:38,21758,21758
3,1.6,M,EVENT,NO,NO,0:02:47,0:03:31,6:02:47,6:03:31,21767,21811
3,1.6,V,EVENT,NO,NO,0:02:51,0:02:51,6:02:51,6:02:51,21771,21771
3,1.6,L,BEHAVIOR,NO,NO,0:02:52,0:02:59,6:02:52,6:02:59,21772,21779
3,1.6,V,EVENT,NO,NO,0:03:00,0:03:00,6:03:00,6:03:00,21780,21780
3,1.6,L,BEHAVIOR,NO,NO,0:03:18,0:03:27,6:03:18,6:03:27,21798,21807
3,1.6,V,EVENT,NO,NO,0:03:33,0:03:34,6:03:33,6:03:34,21813,21814
3,1.6,L,BEHAVIOR,NO,NO,0:03:39,0:04:32,6:03:39,6:04:32,21819,21872
3,1.6,V,EVENT,NO,NO,0:03:56,0:03:57,6:03:56,6:03:57,21836,21837
3,1.6,V,EVENT,NO,NO,0:04:10,0:04:10,6:04:10,6:04:10,21850,21850
3,1.6,V,EVENT,NO,NO,0:04:32,0:04:32,6:04:32,6:04:32,21872,21872
3,1.6,L,BEHAVIOR,NO,NO,0:04:33,0:04:53,6:04:33,6:04:53,21873,21893
3,1.6,V,EVENT,NO,NO,0:04:40,0:04:41,6:04:40,6:04:41,21880,21881
3,1.6,FP,BEHAVIOR,NO,NO,0:04:53,0:04:56,6:04:53,6:04:56,21893,21896
3,1.6,L,BEHAVIOR,NO,NO,0:04:56,0:08:44,6:04:56,6:08:44,21896,22124
3,1.6,V,EVENT,NO,NO,0:04:59,0:04:59,6:04:59,6:04:59,21899,21899
3,1.6,V,EVENT,NO,NO,0:05:14,0:05:15,6:05:14,6:05:15,21914,21915
3,1.6,V,EVENT,NO,NO,0:07:03,0:07:03,6:07:03,6:07:03,22023,22023
3,1.6,Nb,BEHAVIOR,NO,NO,0:08:09,0:08:11,6:08:09,6:08:11,22089,22091
3,1.6,V,EVENT,NO,NO,0:08:25,0:08:25,6:08:25,6:08:25,22105,22105
3,1.6,L,BEHAVIOR,NO,NO,0:08:48,0:10:45,6:08:48,6:10:45,22128,22245
3,1.6,V,EVENT,NO,NO,0:09:55,0:09:55,6:09:55,6:09:55,22195,22195
3,1.6,V,EVENT,NO,NO,0:10:03,0:10:04,6:10:03,6:10:04,22203,22204
3,1.6,FP,BEHAVIOR,NO,NO,0:10:20,0:10:20,6:10:20,6:10:20,22220,22220
3,1.6,V,EVENT,NO,NO,0:10:20,0:10:21,6:10:20,6:10:21,22220,22221
3,1.6,S,BEHAVIOR,NO,NO,0:10:45,0:10:48,6:10:45,6:10:48,22245,22248
3,1.6,L,BEHAVIOR,NO,NO,0:10:50,0:14:19,6:10:50,6:14:19,22250,22459
3,1.6,FP,BEHAVIOR,NO,NO,0:10:51,0:10:52,6:10:51,6:10:52,22251,22252
3,1.6,V,EVENT,NO,NO,0:10:52,0:10:52,6:10:52,6:10:52,22252,22252
3,1.6,V,EVENT,NO,NO,0:11:34,0:11:34,6:11:34,6:11:34,22294,22294
3,1.7,V,EVENT,NO,NO,0:00:42,0:00:42,7:00:42,7:00:42,25242,25242
3,1.7,N,EVENT,NO,NO,0:03:03,0:03:03,7:03:03,7:03:03,25383,25383
3,1.7,FP,BEHAVIOR,NO,NO,0:03:16,0:03:17,7:03:16,7:03:17,25396,25397
3,1.7,V,EVENT,NO,NO,0:03:17,0:03:17,7:03:17,7:03:17,25397,25397
3,1.7,V,EVENT,NO,NO,0:03:50,0:03:50,7:03:50,7:03:50,25430,25430
3,1.7,P,BEHAVIOR,NO,NO,0:05:19,0:05:20,7:05:19,7:05:20,25519,25520
3,1.7,Nb,BEHAVIOR,NO,NO,0:05:30,0:05:30,7:05:30,7:05:30,25530,25530
3,1.7,V,EVENT,NO,NO,0:05:30,0:05:31,7:05:30,7:05:31,25530,25531
3,1.7,M,EVENT,NO,NO,0:05:32,0:05:36,7:05:32,7:05:36,25532,25536
3,1.7,N,EVENT,NO,NO,0:05:32,0:05:59,7:05:32,7:05:59,25532,25559
3,1.7,L,BEHAVIOR,NO,NO,0:05:36,0:05:46,7:05:36,7:05:46,25536,25546
3,1.7,L,BEHAVIOR,NO,NO,0:05:48,0:08:57,7:05:48,7:08:57,25548,25737
3,1.7,FP,BEHAVIOR,NO,NO,0:06:06,0:06:06,7:06:06,7:06:06,25566,25566
3,1.7,V,EVENT,NO,NO,0:06:06,0:06:06,7:06:06,7:06:06,25566,25566
3,1.7,Nb,BEHAVIOR,NO,NO,0:06:19,0:06:22,7:06:19,7:06:22,25579,25582
3,1.7,FP,BEHAVIOR,NO,NO,0:06:40,0:06:40,7:06:40,7:06:40,25600,25600
3,1.7,V,EVENT,NO,NO,0:06:41,0:06:41,7:06:41,7:06:41,25601,25601
3,1.7,FP,BEHAVIOR,NO,NO,0:07:47,0:07:47,7:07:47,7:07:47,25667,25667
3,1.7,V,EVENT,NO,NO,0:07:47,0:07:47,7:07:47,7:07:47,25667,25667
3,1.7,V,EVENT,NO,NO,0:08:38,0:08:38,7:08:38,7:08:38,25718,25718
3,1.7,FP,BEHAVIOR,NO,NO,0:08:38,0:08:38,7:08:38,7:08:38,25718,25718
3,1.7,M,EVENT,NO,NO,0:08:57,0:09:01,7:08:57,7:09:01,25737,25741
3,1.7,M,EVENT,NO,NO,0:09:09,0:09:10,7:09:09,7:09:10,25749,25750
3,1.7,L,BEHAVIOR,NO,NO,0:09:24,0:10:24,7:09:24,7:10:24,25764,25824
3,1.7,B,EVENT,NO,NO,0:10:24,0:10:25,7:10:24,7:10:25,25824,25825
3,1.7,Nb,BEHAVIOR,NO,NO,0:10:45,0:10:48,7:10:45,7:10:48,25845,25848
3,1.7,L,BEHAVIOR,NO,NO,0:10:48,0:11:41,7:10:48,7:11:41,25848,25901
3,1.7,M,EVENT,NO,NO,0:11:41,0:11:42,7:11:41,7:11:42,25901,25902
3,1.7,Nb,BEHAVIOR,NO,NO,0:11:42,0:11:44,7:11:42,7:11:44,25902,25904
3,1.7,L,BEHAVIOR,NO,NO,0:11:45,0:12:27,7:11:45,7:12:27,25905,25947
3,1.7,V,EVENT,NO,NO,0:12:02,0:12:03,7:12:02,7:12:03,25922,25923
3,1.7,FP,BEHAVIOR,NO,NO,0:12:11,0:12:11,7:12:11,7:12:11,25931,25931
3,1.7,M,EVENT,NO,NO,0:12:27,0:12:31,7:12:27,7:12:31,25947,25951
3,1.7,L,BEHAVIOR,NO,NO,0:12:31,0:13:06,7:12:31,7:13:06,25951,25986
3,1.7,V,EVENT,NO,NO,0:12:33,0:12:33,7:12:33,7:12:33,25953,25953
3,1.7,M,EVENT,NO,NO,0:13:07,0:13:10,7:13:07,7:13:10,25987,25990
3,1.7,L,BEHAVIOR,NO,NO,0:13:12,0:13:19,7:13:12,7:13:19,25992,25999
3,1.7,N,EVENT,NO,NO,0:13:14,0:13:14,7:13:14,7:13:14,25994,25994
3,1.7,N,EVENT,NO,NO,0:13:17,0:13:18,7:13:17,7:13:18,25997,25998
3,1.7,M,EVENT,Handler,YES,0:13:23,0:13:28,7:13:23,7:13:28,26003,26008
3,1.7,L,BEHAVIOR,Handler,YES,0:13:33,0:13:35,7:13:33,7:13:35,26013,26015
3,1.7,M,EVENT,Handler,YES,0:13:36,0:13:38,7:13:36,7:13:38,26016,26018
3,1.7,M,EVENT,Handler,YES,0:13:56,0:14:00,7:13:56,7:14:00,26036,26040
3,1.7,L,BEHAVIOR,Handler,YES,0:14:00,0:14:02,7:14:00,7:14:02,26040,26042
3,1.7,M,EVENT,Handler,YES,0:14:03,0:14:04,7:14:03,7:14:04,26043,26044
3,1.7,L,BEHAVIOR,Handler,YES,0:14:05,0:14:16,7:14:05,7:14:16,26045,26056
3,1.7,L,BEHAVIOR,Handler,YES,0:14:17,0:14:19,7:14:17,7:14:19,26057,26059
3,1.7,M,EVENT,Handler,YES,0:14:23,0:14:27,7:14:23,7:14:27,26063,26067
3,1.7,M,EVENT,Handler,YES,0:14:29,0:14:30,7:14:29,7:14:30,26069,26070
3,1.7,L,BEHAVIOR,Handler,YES,0:14:32,0:14:33,7:14:32,7:14:33,26072,26073
3,1.7,Nb,BEHAVIOR,Handler,YES,0:14:34,0:14:46,7:14:34,7:14:46,26074,26086
3,1.7,B,EVENT,Handler,YES,0:14:46,0:14:47,7:14:46,7:14:47,26086,26087
3,1.7,M,EVENT,Handler,NO,0:15:33,0:15:41,7:15:33,7:15:41,26133,26141
3,1.7,Nb,BEHAVIOR,Handler,NO,0:15:42,0:15:43,7:15:42,7:15:43,26142,26143
3,1.7,M,EVENT,Handler,NO,0:15:43,0:15:46,7:15:43,7:15:46,26143,26146
3,1.7,L,BEHAVIOR,Handler,NO,0:15:46,0:15:47,7:15:46,7:15:47,26146,26147
3,1.7,L,BEHAVIOR,Handler,YES,0:15:51,0:15:58,7:15:51,7:15:58,26151,26158
3,1.7,FP,BEHAVIOR,Handler,YES,0:15:52,0:15:52,7:15:52,7:15:52,26152,26152
3,1.7,FP,BEHAVIOR,Handler,YES,0:15:53,0:15:54,7:15:53,7:15:54,26153,26154
3,1.7,FP,BEHAVIOR,Handler,YES,0:15:55,0:15:55,7:15:55,7:15:55,26155,26155
3,1.7,B,EVENT,Handler,YES,0:16:04,0:16:07,7:16:04,7:16:07,26164,26167
3,1.7,L,BEHAVIOR,Handler,YES,0:16:08,0:16:09,7:16:08,7:16:09,26168,26169
3,1.7,B,EVENT,Handler,YES,0:16:09,0:16:21,7:16:09,7:16:21,26169,26181
3,1.7,L,BEHAVIOR,Handler,YES,0:16:27,0:16:27,7:16:27,7:16:27,26187,26187
3,1.7,M,EVENT,Handler,NO,0:16:37,0:16:41,7:16:37,7:16:41,26197,26201
3,1.7,Nb,BEHAVIOR,Handler,NO,0:16:41,0:17:04,7:16:41,7:17:04,26201,26224
3,1.7,L,EVENT,Handler,NO,0:17:54,0:18:00,7:17:54,7:18:00,26274,26280
3,1.7,M,EVENT,Handler,NO,0:18:01,0:18:11,7:18:01,7:18:11,26281,26291
3,1.7,B,EVENT,Handler,NO,0:18:11,0:18:12,7:18:11,7:18:12,26291,26292
3,1.7,M,EVENT,Handler,NO,0:19:18,0:19:24,7:19:18,7:19:24,26358,26364
3,1.7,L,BEHAVIOR,Handler,NO,0:19:23,0:19:24,7:19:23,7:19:24,26363,26364
4,1.1,M ,EVENT,Handler,NO,0:07:47,0:07:51,1:07:47,1:07:51,4067,4071
4,1.1,Nb,BEHAVIOR,Rebecca,NO,0:07:52,0:07:53,1:07:52,1:07:53,4072,4073
4,1.1,L ,BEHAVIOR,Rebecca,YES,0:07:54,0:08:04,1:07:54,1:08:04,4074,4084
4,1.1,Nb,BEHAVIOR,Rebecca,YES,0:08:04,0:09:13,1:08:04,1:09:13,4084,4153
4,1.1,Nb,BEHAVIOR,NO,YES,0:09:28,0:09:58,1:09:28,1:09:58,4168,4198
4,1.1,Nb,BEHAVIOR,NO,YES,0:10:01,0:10:25,1:10:01,1:10:25,4201,4225
4,1.1,Nb,BEHAVIOR,NO,YES,0:10:25,0:10:26,1:10:25,1:10:26,4225,4226
4,1.1,M,EVENT,NO,YES,0:10:27,0:10:31,1:10:27,1:10:31,4227,4231
4,1.1,L,BEHAVIOR,NO,NO,0:10:31,0:10:40,1:10:31,1:10:40,4231,4240
4,1.1,FP,BEHAVIOR,NO,NO,0:10:40,0:10:48,1:10:40,1:10:48,4240,4248
4,1.1,FP,BEHAVIOR,NO,NO,0:10:48,0:11:00,1:10:48,1:11:00,4248,4260
4,1.1,FP,BEHAVIOR,NO,NO,0:10:52,0:10:54,1:10:52,1:10:54,4252,4254
4,1.1,L ,BEHAVIOR,NO,NO,0:10:55,0:11:15,1:10:55,1:11:15,4255,4275
4,1.1,FP,BEHAVIOR,NO,NO,0:11:02,0:11:02,1:11:02,1:11:02,4262,4262
4,1.1,Nb,BEHAVIOR,NO,NO,0:11:15,0:11:24,1:11:15,1:11:24,4275,4284
4,1.1,M,EVENT,NO,NO,0:11:23,0:11:26,1:11:23,1:11:26,4283,4286
4,1.1,L,BEHAVIOR,NO,NO,0:11:26,0:11:28,1:11:26,1:11:28,4286,4288
4,1.1,L,BEHAVIOR,NO,NO,0:11:28,0:14:01,1:11:28,1:14:01,4288,4441
4,1.1,FP,BEHAVIOR,NO,NO,0:11:36,0:11:37,1:11:36,1:11:37,4296,4297
4,1.1,FP,BEHAVIOR,NO,NO,0:11:47,0:11:47,1:11:47,1:11:47,4307,4307
4,1.1,P ,BEHAVIOR,NO,NO,0:13:31,0:13:37,1:13:31,1:13:37,4411,4417
4,1.1,FP,BEHAVIOR,NO,NO,0:13:56,0:13:57,1:13:56,1:13:57,4436,4437
4,1.1,V ,EVENT,NO,NO,0:13:57,0:13:57,1:13:57,1:13:57,4437,4437
4,1.1,Nb,BEHAVIOR,NO,NO,0:14:02,0:14:03,1:14:02,1:14:03,4442,4443
4,1.1,M,EVENT,NO,NO,0:14:03,0:14:04,1:14:03,1:14:04,4443,4444
4,1.1,FP,BEHAVIOR,NO,NO,0:14:20,0:14:25,1:14:20,1:14:25,4460,4465
4,1.1,FP,BEHAVIOR,NO,NO,0:14:31,0:14:31,1:14:31,1:14:31,4471,4471
4,1.1,V,EVENT,NO,NO,0:16:17,0:16:17,1:16:17,1:16:17,4577,4577
4,1.1,FP,BEHAVIOR,NO,NO,0:16:40,0:16:41,1:16:40,1:16:41,4600,4601
4,1.1,FP,BEHAVIOR,NO,NO,0:17:42,0:17:45,1:17:42,1:17:45,4662,4665
4,1.1,V,EVENT,NO,NO,0:17:00,0:17:00,1:17:00,1:17:00,4620,4620
4,1.1,V,EVENT,NO,NO,0:17:13,0:17:14,1:17:13,1:17:14,4633,4634
4,1.1,V,EVENT,NO,NO,0:17:42,0:17:43,1:17:42,1:17:43,4662,4663
4,1.1,FP,BEHAVIOR,NO,NO,0:17:53,0:18:04,1:17:53,1:18:04,4673,4684
4,1.1,V,EVENT,NO,NO,0:18:05,0:18:05,1:18:05,1:18:05,4685,4685
4,1.1,V,EVENT,NO,NO,0:18:48,0:18:48,1:18:48,1:18:48,4728,4728
4,1.1,FP,BEHAVIOR,NO,NO,0:18:48,0:18:48,1:18:48,1:18:48,4728,4728
4,1.1,V,EVENT,NO,NO,0:18:58,0:18:59,1:18:58,1:18:59,4738,4739
4,1.1,FP,BEHAVIOR,NO,NO,0:18:58,0:19:01,1:18:58,1:19:01,4738,4741
4,1.1,FP,BEHAVIOR,NO,NO,0:19:08,0:19:08,1:19:08,1:19:08,4748,4748
4,1.1,Fp,BEHAVIOR,NO,NO,0:19:18,0:19:22,1:19:18,1:19:22,4758,4762
4,1.1,V,EVENT,NO,NO,0:19:18,0:19:18,1:19:18,1:19:18,4758,4758
4,1.1,V,EVENT,NO,NO,0:19:35,0:19:36,1:19:35,1:19:36,4775,4776
4,1.1,V,EVENT,NO,NO,0:19:50,0:19:50,1:19:50,1:19:50,4790,4790
4,1.1,FP,BEHAVIOR,NO,NO,0:19:50,0:19:50,1:19:50,1:19:50,4790,4790
4,1.1,FP,BEHAVIOR,NO,NO,0:19:59,0:20:00,1:19:59,1:20:00,4799,4800
4,1.1,V,EVENT,NO,NO,0:20:25,0:20:25,1:20:25,1:20:25,4825,4825
4,1.1,FP,BEHAVIOR,NO,NO,0:21:25,0:21:26,1:21:25,1:21:26,4885,4886
4,1.1,FP,BEHAVIOR,NO,NO,0:22:13,0:22:14,1:22:13,1:22:14,4933,4934
4,1.1,FP,BEHAVIOR,NO,NO,0:22:31,0:22:31,1:22:31,1:22:31,4951,4951
4,1.1,FP,BEHAVIOR,NO,NO,0:22:40,0:22:40,1:22:40,1:22:40,4960,4960
4,1.1,FP,BEHAVIOR,NO,NO,0:22:44,0:22:45,1:22:44,1:22:45,4964,4965
4,1.1,P,BEHAVIOR,NO,NO,0:24:33,0:24:54,1:24:33,1:24:54,5073,5094
4,1.1,P,BEHAVIOR,NO,NO,0:24:55,0:25:07,1:24:55,1:25:07,5095,5107
4,1.1,P,BEHAVIOR,NO,NO,0:25:07,0:25:16,1:25:07,1:25:16,5107,5116
4,1.1,P,BEHAVIOR,NO,NO,0:25:31,0:25:39,1:25:31,1:25:39,5131,5139
4,1.1,L,BEHAVIOR,NO,NO,0:25:42,0:25:59,1:25:42,1:25:59,5142,5159
4,1.1,P,BEHAVIOR,NO,NO,0:25:43,0:25:45,1:25:43,1:25:45,5143,5145
4,1.1,S ,BEHAVIOR,NO,NO,0:25:48,0:25:58,1:25:48,1:25:58,5148,5158
4,1.1,P ,BEHAVIOR,NO,NO,0:25:59,0:26:00,1:25:59,1:26:00,5159,5160
4,1.1,L,BEHAVIOR,NO,NO,0:25:59,0:26:00,1:25:59,1:26:00,5159,5160
4,1.1,M,EVENT,NO,NO,0:26:01,0:26:05,1:26:01,1:26:05,5161,5165
4,1.1,Nb,BEHAVIOR,NO,NO,0:26:05,0:26:07,1:26:05,1:26:07,5165,5167
4,1.1,L,BEHAVIOR,NO,YES,0:26:08,0:26:11,1:26:08,1:26:11,5168,5171
4,1.1,Nb,BEHAVIOR,NO,YES,0:26:11,0:26:15,1:26:11,1:26:15,5171,5175
4,1.1,Nb,BEHAVIOR,NO,YES,0:26:19,0:27:03,1:26:19,1:27:03,5179,5223
4,1.1,Nb,BEHAVIOR,NO,YES,0:27:06,0:27:25,1:27:06,1:27:25,5226,5245
4,1.1,Nb,BEHAVIOR,NO,YES,0:27:27,0:27:42,1:27:27,1:27:42,5247,5262
4,1.1,L,BEHAVIOR,NO,YES,0:27:31,0:27:39,1:27:31,1:27:39,5251,5259
4,1.1,S ,BEHAVIOR,NO,YES,0:27:34,0:27:40,1:27:34,1:27:40,5254,5260
4,1.1,Nb,BEHAVIOR,NO,YES,0:27:44,0:28:09,1:27:44,1:28:09,5264,5289
4,1.1,L,BEHAVIOR,Rebecca,YES,0:28:10,0:29:59,1:28:10,1:29:59,5290,5399
4,1.1,P,BEHAVIOR,NO,NO,0:28:55,0:28:58,1:28:55,1:28:58,5335,5338
4,1.1,P,BEHAVIOR,NO,NO,0:29:02,0:29:14,1:29:02,1:29:14,5342,5354
4,1.1,Nb,BEHAVIOR,NO,NO,0:29:25,0:29:37,1:29:25,1:29:37,5365,5377
4,1.2,V,EVENT,NO,YES,0:00:48,0:00:48,2:00:48,2:00:48,7248,7248
4,1.2,FP,BEHAVIOR,NO,YES,0:01:08,0:01:11,2:01:08,2:01:11,7268,7271
4,1.2,V,EVENT,NO,YES,0:01:08,0:01:09,2:01:08,2:01:09,7268,7269
4,1.2,NB,BEHAVIOR,NO,YES,0:03:28,0:03:29,2:03:28,2:03:29,7408,7409
4,1.2,M,EVENT,NO,YES,0:03:29,0:03:30,2:03:29,2:03:30,7409,7410
4,1.2,M,EVENT,NO,YES,0:03:32,0:03:35,2:03:32,2:03:35,7412,7415
4,1.2,L,BEHAVIOR,NO,NO,0:03:35,0:03:49,2:03:35,2:03:49,7415,7429
4,1.2,S,BEHAVIOR,NO,NO,0:03:39,0:03:49,2:03:39,2:03:49,7419,7429
4,1.2,M,EVENT,NO,NO,0:03:50,0:03:50,2:03:50,2:03:50,7430,7430
4,1.2,V,EVENT,NO,NO,0:03:51,0:03:51,2:03:51,2:03:51,7431,7431
4,1.2,L,BEHAVIOR,NO,NO,0:03:52,0:04:05,2:03:52,2:04:05,7432,7445
4,1.2,P,BEHAVIOR,NO,NO,0:03:58,0:04:03,2:03:58,2:04:03,7438,7443
4,1.2,V,EVENT,NO,NO,0:04:04,0:04:04,2:04:04,2:04:04,7444,7444
4,1.2,P,BEHAVIOR,NO,NO,0:04:06,0:05:01,2:04:06,2:05:01,7446,7501
4,1.2,L,BEHAVIOR,NO,NO,0:04:14,0:04:45,2:04:14,2:04:45,7454,7485
4,1.2,L,BEHAVIOR,NO,NO,0:04:50,0:05:04,2:04:50,2:05:04,7490,7504
4,1.2,V,EVENT,NO,NO,0:05:06,0:05:07,2:05:06,2:05:07,7506,7507
4,1.2,L,BEHAVIOR,NO,NO,0:05:06,0:05:09,2:05:06,2:05:09,7506,7509
4,1.2,L,BEHAVIOR,NO,NO,0:05:11,0:05:26,2:05:11,2:05:26,7511,7526
4,1.2,S,BEHAVIOR,NO,NO,0:05:18,0:05:26,2:05:18,2:05:26,7518,7526
4,1.2,V,EVENT,NO,NO,0:05:26,0:05:27,2:05:26,2:05:27,7526,7527
4,1.2,L,BEHAVIOR,NO,NO,0:05:27,0:06:04,2:05:27,2:06:04,7527,7564
4,1.2,P,BEHAVIOR,NO,NO,0:05:28,0:05:53,2:05:28,2:05:53,7528,7553
4,1.2,P,BEHAVIOR,NO,NO,0:05:55,0:06:37,2:05:55,2:06:37,7555,7597
4,1.2,P,BEHAVIOR,NO,NO,0:06:39,0:06:42,2:06:39,2:06:42,7599,7602
4,1.2,L,BEHAVIOR,NO,NO,0:06:40,0:07:07,2:06:40,2:07:07,7600,7627
4,1.2,P,BEHAVIOR,NO,NO,0:06:43,0:07:05,2:06:43,2:07:05,7603,7625
4,1.2,S,BEHAVIOR,NO,NO,0:07:09,0:07:16,2:07:09,2:07:16,7629,7636
4,1.2,M,EVENT,NO,NO,0:07:18,0:07:23,2:07:18,2:07:23,7638,7643
4,1.2,F,BEHAVIOR,NO,NO,0:07:28,0:08:11,2:07:28,2:08:11,7648,7691
4,1.2,M,EVENT,NO,NO,0:08:12,0:08:17,2:08:12,2:08:17,7692,7697
4,1.2,L,BEHAVIOR,NO,NO,0:08:18,0:08:21,2:08:18,2:08:21,7698,7701
4,1.2,L,BEHAVIOR,NO,NO,0:08:21,0:08:23,2:08:21,2:08:23,7701,7703
4,1.2,L,BEHAVIOR,NO,NO,0:08:27,0:08:31,2:08:27,2:08:31,7707,7711
4,1.3,M,EVENT,NO,NO,0:07:52,0:07:57,3:07:52,3:07:57,11272,11277
4,1.3,NB,BEHAVIOR,NO,NO,0:07:56,0:07:58,3:07:56,3:07:58,11276,11278
4,1.3,NB,BEHAVIOR,NO,YES,0:08:09,0:09:17,3:08:09,3:09:17,11289,11357
4,1.3,NB,BEHAVIOR,NO,YES,0:09:33,0:10:31,3:09:33,3:10:31,11373,11431
4,1.3,M,EVENT,NO,YES,0:10:32,0:10:36,3:10:32,3:10:36,11432,11436
4,1.3,L,BEHAVIOR,NO,NO,0:10:36,0:10:59,3:10:36,3:10:59,11436,11459
4,1.3,M,EVENT,NO,NO,0:10:59,0:10:59,3:10:59,3:10:59,11459,11459
4,1.3,L,BEHAVIOR,NO,NO,0:11:00,0:11:20,3:11:00,3:11:20,11460,11480
4,1.3,NB,BEHAVIOR,NO,NO,0:11:21,0:11:29,3:11:21,3:11:29,11481,11489
4,1.3,M,EVENT,NO,NO,0:11:28,0:11:31,3:11:28,3:11:31,11488,11491
4,1.3,FP,BEHAVIOR,NO,NO,0:12:53,0:13:04,3:12:53,3:13:04,11573,11584
4,1.3,P,BEHAVIOR,NO,NO,0:13:36,0:13:41,3:13:36,3:13:41,11616,11621
4,1.3,NB,BEHAVIOR,NO,NO,0:14:07,0:14:08,3:14:07,3:14:08,11647,11648
4,1.3,M,EVENT,NO,NO,0:14:08,0:14:09,3:14:08,3:14:09,11648,11649
4,1.3,L,BEHAVIOR,NO,NO,0:14:09,0:14:10,3:14:09,3:14:10,11649,11650
4,1.3,L,BEHAVIOR,NO,NO,0:14:10,0:14:11,3:14:10,3:14:11,11650,11651
4,1.3,FP,BEHAVIOR,NO,NO,0:14:20,0:14:21,3:14:20,3:14:21,11660,11661
4,1.3,V,EVENT,NO,NO,0:14:20,0:14:21,3:14:20,3:14:21,11660,11661
4,1.3,FP,BEHAVIOR,NO,NO,0:14:25,0:14:31,3:14:25,3:14:31,11665,11671
4,1.3,L,BEHAVIOR,NO,NO,0:14:27,0:23:24,3:14:27,3:23:24,11667,12204
4,1.3,V,EVENT,NO,NO,0:14:35,0:14:36,3:14:35,3:14:36,11675,11676
4,1.3,FP,BEHAVIOR,NO,NO,0:14:35,0:14:36,3:14:35,3:14:36,11675,11676
4,1.3,V,EVENT,NO,NO,0:15:02,0:15:02,3:15:02,3:15:02,11702,11702
4,1.3,I,BEHAVIOR,NO,NO,0:15:08,0:15:13,3:15:08,3:15:13,11708,11713
4,1.3,V,EVENT,NO,NO,0:16:22,0:16:22,3:16:22,3:16:22,11782,11782
4,1.3,V,EVENT,NO,NO,0:17:05,0:17:05,3:17:05,3:17:05,11825,11825
4,1.3,V,EVENT,NO,NO,0:17:18,0:17:19,3:17:18,3:17:19,11838,11839
4,1.3,V,EVENT,NO,NO,0:17:47,0:17:48,3:17:47,3:17:48,11867,11868
4,1.3,FP,BEHAVIOR,NO,NO,0:17:53,0:18:08,3:17:53,3:18:08,11873,11888
4,1.3,V,EVENT,NO,NO,0:18:10,0:18:10,3:18:10,3:18:10,11890,11890
4,1.3,V,EVENT,NO,NO,0:18:53,0:18:53,3:18:53,3:18:53,11933,11933
4,1.3,V,EVENT,NO,NO,0:19:03,0:19:04,3:19:03,3:19:04,11943,11944
4,1.3,V,EVENT,NO,NO,0:19:23,0:19:23,3:19:23,3:19:23,11963,11963
4,1.3,V,EVENT,NO,NO,0:19:40,0:19:41,3:19:40,3:19:41,11980,11981
4,1.3,V,EVENT,NO,NO,0:19:55,0:19:55,3:19:55,3:19:55,11995,11995
4,1.3,V,EVENT,NO,NO,0:20:30,0:20:31,3:20:30,3:20:31,12030,12031
4,1.3,FP,BEHAVIOR,NO,NO,0:20:35,0:21:30,3:20:35,3:21:30,12035,12090
4,1.3,FP,BEHAVIOR,NO,NO,0:22:49,0:23:24,3:22:49,3:23:24,12169,12204
4,1.4,L,BEHAVIOR,NO,NO,0:00:00,0:00:37,4:00:00,4:00:37,14400,14437
4,1.4,P,BEHAVIOR,NO,NO,0:00:38,0:00:40,4:00:38,4:00:40,14438,14440
4,1.4,P,BEHAVIOR,NO,NO,0:00:42,0:00:49,4:00:42,4:00:49,14442,14449
4,1.4,L,BEHAVIOR,NO,NO,0:00:50,0:00:52,4:00:50,4:00:52,14450,14452
4,1.4,L,BEHAVIOR,NO,NO,0:00:53,0:01:07,4:00:53,4:01:07,14453,14467
4,1.5,L,BEHAVIOR,NO,NO,0:00:01,0:02:36,5:00:01,5:02:36,18001,18156
4,1.5,P,BEHAVIOR,NO,NO,0:00:09,0:00:12,5:00:09,5:00:12,18009,18012
4,1.5,V,EVENT,NO,NO,0:00:16,0:00:16,5:00:16,5:00:16,18016,18016
4,1.5,P,BEHAVIOR,NO,NO,0:00:17,0:00:22,5:00:17,5:00:22,18017,18022
4,1.5,P,BEHAVIOR,NO,NO,0:00:23,0:00:58,5:00:23,5:00:58,18023,18058
4,1.5,P,BEHAVIOR,NO,NO,0:01:07,0:01:38,5:01:07,5:01:38,18067,18098
4,1.5,V,EVENT,NO,NO,0:02:06,0:02:06,5:02:06,5:02:06,18126,18126
4,1.5,P,BEHAVIOR,NO,NO,0:02:09,0:02:11,5:02:09,5:02:11,18129,18131
4,1.5,P,BEHAVIOR,NO,NO,0:02:11,0:02:36,5:02:11,5:02:36,18131,18156
4,1.5,NB,BEHAVIOR,NO,NO,0:02:36,0:02:52,5:02:36,5:02:52,18156,18172
4,1.5,L,BEHAVIOR,NO,NO,0:02:37,0:02:52,5:02:37,5:02:52,18157,18172
4,1.5,S,BEHAVIOR,NO,YES,0:02:40,0:02:51,5:02:40,5:02:51,18160,18171
4,1.5,NB,BEHAVIOR,NO,YES,0:02:54,0:03:14,5:02:54,5:03:14,18174,18194
4,1.5,M,EVENT,NO,YES,0:03:02,0:03:02,5:03:02,5:03:02,18182,18182
4,1.5,M,EVENT,NO,YES,0:03:06,0:03:07,5:03:06,5:03:07,18186,18187
4,1.5,M,EVENT,NO,YES,0:03:11,0:03:13,5:03:11,5:03:13,18191,18193
4,1.5,NB,BEHAVIOR,NO,YES,0:03:15,0:03:36,5:03:15,5:03:36,18195,18216
4,1.5,M,EVENT,NO,YES,0:03:43,0:03:44,5:03:43,5:03:44,18223,18224
4,1.5,NB,BEHAVIOR,NO,YES,0:03:51,0:04:11,5:03:51,5:04:11,18231,18251
4,1.5,NB,BEHAVIOR,NO,YES,0:04:13,0:04:34,5:04:13,5:04:34,18253,18274
4,1.5,NB,BEHAVIOR,NO,YES,0:04:46,0:05:09,5:04:46,5:05:09,18286,18309
4,1.5,NB,BEHAVIOR,NO,YES,0:05:09,0:05:13,5:05:09,5:05:13,18309,18313
4,1.5,NB,BEHAVIOR,NO,YES,0:05:14,0:05:18,5:05:14,5:05:18,18314,18318
4,1.5,NB,BEHAVIOR,NO,YES,0:05:21,0:05:32,5:05:21,5:05:32,18321,18332
4,1.5,M,EVENT,YES,YES,0:05:48,0:05:50,5:05:48,5:05:50,18348,18350
4,1.5,L,BEHAVIOR,NO,YES,0:05:51,0:06:04,5:05:51,5:06:04,18351,18364
4,1.5,M,EVENT,NO,NO,0:06:04,0:06:05,5:06:04,5:06:05,18364,18365
4,1.5,NB,BEHAVIOR,NO,NO,0:06:05,0:06:06,5:06:05,5:06:06,18365,18366
4,1.5,NB,BEHAVIOR,NO,YES,0:06:10,0:06:23,5:06:10,5:06:23,18370,18383
4,1.5,P,BEHAVIOR,NO,YES,0:09:19,0:09:21,5:09:19,5:09:21,18559,18561
4,1.7,V,EVENT,NO,YES,0:00:52,0:00:52,7:00:52,7:00:52,25252,25252
4,1.7,FP,BEHAVIOR,NO,YES,0:01:12,0:01:15,7:01:12,7:01:15,25272,25275
4,1.7,V,EVENT,NO,YES,0:01:12,0:01:13,7:01:12,7:01:13,25272,25273
4,1.7,NB,BEHAVIOR,NO,YES,0:03:32,0:03:33,7:03:32,7:03:33,25412,25413
4,1.7,M,EVENT,NO,YES,0:03:32,0:03:39,7:03:32,7:03:39,25412,25419
4,1.7,L,BEHAVIOR,NO,NO,0:03:39,0:03:53,7:03:39,7:03:53,25419,25433
4,1.7,S,BEHAVIOR,NO,NO,0:03:41,0:03:53,7:03:41,7:03:53,25421,25433
4,1.7,V,EVENT,NO,NO,0:03:55,0:03:55,7:03:55,7:03:55,25435,25435
4,1.7,L,BEHAVIOR,NO,NO,0:03:56,0:04:08,7:03:56,7:04:08,25436,25448
4,1.7,P,BEHAVIOR,NO,NO,0:04:02,0:04:07,7:04:02,7:04:07,25442,25447
4,1.7,V,EVENT,NO,NO,0:04:08,0:04:08,7:04:08,7:04:08,25448,25448
4,1.7,P,BEHAVIOR,NO,NO,0:04:10,0:05:04,7:04:10,7:05:04,25450,25504
4,1.7,L,BEHAVIOR,NO,NO,0:04:18,0:04:49,7:04:18,7:04:49,25458,25489
4,1.7,L,BEHAVIOR,NO,NO,0:04:54,0:05:08,7:04:54,7:05:08,25494,25508
4,1.7,L,BEHAVIOR,NO,NO,0:05:10,0:05:13,7:05:10,7:05:13,25510,25513
4,1.7,V,EVENT,NO,NO,0:05:10,0:05:11,7:05:10,7:05:11,25510,25511
4,1.7,L,BEHAVIOR,NO,NO,0:05:15,0:05:31,7:05:15,7:05:31,25515,25531
4,1.7,S,BEHAVIOR,NO,NO,0:05:21,0:05:30,7:05:21,7:05:30,25521,25530
4,1.7,V,EVENT,NO,NO,0:05:30,0:05:31,7:05:30,7:05:31,25530,25531
4,1.7,L,BEHAVIOR,NO,NO,0:05:31,0:06:08,7:05:31,7:06:08,25531,25568
4,1.7,P,BEHAVIOR,NO,NO,0:05:32,0:07:09,7:05:32,7:07:09,25532,25629
4,1.7,L,BEHAVIOR,YES,NO,0:06:44,0:07:11,7:06:44,7:07:11,25604,25631
4,1.7,S,BEHAVIOR,NO,NO,0:07:13,0:07:20,7:07:13,7:07:20,25633,25640
4,1.7,M,EVENT,NO,NO,0:07:22,0:07:28,7:07:22,7:07:28,25642,25648
4,1.8,M,EVENT,NO,NO,0:00:33,0:00:40,8:00:33,8:00:40,28833,28840
4,1.8,L,BEHAVIOR,NO,NO,0:00:40,0:00:46,8:00:40,8:00:46,28840,28846
4,1.8,L,BEHAVIOR,NO,NO,0:00:48,0:00:52,8:00:48,8:00:52,28848,28852
4,1.8,M,EVENT,NO,NO,0:01:01,0:01:09,8:01:01,8:01:09,28861,28869
4,1.8,M,EVENT,NO,NO,0:01:26,0:01:27,8:01:26,8:01:27,28886,28887
4,1.8,L,BEHAVIOR,NO,NO,0:01:28,0:01:57,8:01:28,8:01:57,28888,28917
4,1.8,M,EVENT,NO,NO,0:01:58,0:02:02,8:01:58,8:02:02,28918,28922
4,1.8,M,EVENT,NO,NO,0:03:08,0:03:14,8:03:08,8:03:14,28988,28994
4,1.8,M,EVENT,NO,NO,0:03:19,0:03:25,8:03:19,8:03:25,28999,29005
4,1.8,E,BEHAVIOR,NO,NO,0:03:27,0:03:32,8:03:27,8:03:32,29007,29012
4,1.8,M,EVENT,NO,NO,0:03:32,0:03:40,8:03:32,8:03:40,29012,29020
4,1.8,E,BEHAVIOR,YES,NO,0:03:40,0:05:57,8:03:40,8:05:57,29020,29157
4,1.8,B,EVENT,NO,NO,0:04:34,0:04:35,8:04:34,8:04:35,29074,29075
4,1.8,B,EVENT,NO,NO,0:04:36,0:04:37,8:04:36,8:04:37,29076,29077
4,1.8,B,EVENT,NO,NO,0:04:39,0:04:40,8:04:39,8:04:40,29079,29080
4,1.8,B,EVENT,NO,NO,0:04:41,0:04:42,8:04:41,8:04:42,29081,29082
4,1.8,B,EVENT,NO,NO,0:04:46,0:04:46,8:04:46,8:04:46,29086,29086